acc,delta_total,eps_converted,eps_remaining,event,event_type,op,regret
3.408017199705222,1e-05,0.0,0.5,0,calibrate,calibrate,0.0
5.384188655473813,1e-05,0.0,0.5,1,calibrate,calibrate,0.0
26.39151393009758,1e-05,0.0,0.5,2,calibrate,calibrate,0.0
2.212465692189263,1e-05,0.0,0.5,3,calibrate,calibrate,0.0
12.378737789286461,1e-05,0.0,0.5,4,calibrate,calibrate,0.0
2.3142111394986884,1e-05,0.0,0.5,5,calibrate,calibrate,0.0
5.251737605316513,1e-05,0.0,0.5,6,calibrate,calibrate,0.0
16.20793252469165,1e-05,0.0,0.5,7,calibrate,calibrate,0.0
2.7499960890709394,1e-05,0.0,0.5,8,calibrate,calibrate,0.0
34.50640617825861,1e-05,0.0,0.5,9,calibrate,calibrate,0.0
11.883817482288215,1e-05,0.0,0.5,10,calibrate,calibrate,0.0
1.2920927875734516,1e-05,0.0,0.5,11,calibrate,calibrate,0.0
33.64367152232195,1e-05,0.0,0.5,12,calibrate,calibrate,0.0
26.572072703688505,1e-05,0.0,0.5,13,calibrate,calibrate,0.0
15.549938731650347,1e-05,0.0,0.5,14,calibrate,calibrate,0.0
10.543803536187598,1e-05,0.0,0.5,15,calibrate,calibrate,0.0
6.147918519157274,1e-05,0.0,0.5,16,calibrate,calibrate,0.0
14.495138151023287,1e-05,0.0,0.5,17,calibrate,calibrate,0.0
8.03420416592827,1e-05,0.0,0.5,18,calibrate,calibrate,0.0
19.394483056884106,1e-05,0.0,0.5,19,calibrate,calibrate,0.0
7.856957562398538,1e-05,0.0,0.5,20,calibrate,calibrate,0.0
3.568814976198426,1e-05,0.0,0.5,21,calibrate,calibrate,0.0
1.3270892083595651,1e-05,0.0,0.5,22,calibrate,calibrate,0.0
7.2216777632329565,1e-05,0.0,0.5,23,calibrate,calibrate,0.0
16.328316975560885,1e-05,0.0,0.5,24,calibrate,calibrate,0.0
1.0247417659076667,1e-05,0.0,0.5,25,calibrate,calibrate,0.0
6.8417396016712555,1e-05,0.0,0.5,26,calibrate,calibrate,0.0
1.9707366952284602,1e-05,0.0,0.5,27,calibrate,calibrate,0.0
4.544235503772358,1e-05,0.0,0.5,28,calibrate,calibrate,0.0
18.99460256216884,1e-05,0.0,0.5,29,calibrate,calibrate,0.0
12.622236566806396,1e-05,0.0,0.5,30,calibrate,calibrate,0.0
1.4177337465405633,1e-05,0.0,0.5,31,calibrate,calibrate,0.0
9.619279711280123,1e-05,0.0,0.5,32,calibrate,calibrate,0.0
3.0546070528928264,1e-05,0.0,0.5,33,calibrate,calibrate,0.0
7.955573907387572,1e-05,0.0,0.5,34,calibrate,calibrate,0.0
0.07667880470112576,1e-05,0.0,0.5,35,calibrate,calibrate,0.0
13.41564206368428,1e-05,0.0,0.5,36,calibrate,calibrate,0.0
10.799842571178491,1e-05,0.0,0.5,37,calibrate,calibrate,0.0
12.570101059604278,1e-05,0.0,0.5,38,calibrate,calibrate,0.0
0.39729931315300027,1e-05,0.0,0.5,39,calibrate,calibrate,0.0
1.4503719143947502,1e-05,0.0,0.5,40,calibrate,calibrate,0.0
5.32959234414392,1e-05,0.0,0.5,41,calibrate,calibrate,0.0
3.272088095658974,1e-05,0.0,0.5,42,calibrate,calibrate,0.0
1.355237173352061,1e-05,0.0,0.5,43,calibrate,calibrate,0.0
10.608999399859439,1e-05,0.0,0.5,44,calibrate,calibrate,0.0
6.452946698791395,1e-05,0.0,0.5,45,calibrate,calibrate,0.0
6.980619716599385,1e-05,0.0,0.5,46,calibrate,calibrate,0.0
2.067441833347862,1e-05,0.0,0.5,47,calibrate,calibrate,0.0
3.9713699185178166,1e-05,0.0,0.5,48,calibrate,calibrate,0.0
5.955160015570499,1e-05,0.0,0.5,49,calibrate,calibrate,0.0
20.784169359534193,1e-05,,,100,warmup,warmup,431.9816959658
0.7604323572397735,1e-05,,,101,warmup,warmup,432.55995333573725
11.732534498896719,1e-05,,,102,warmup,warmup,570.2123191035389
5.681853274520671,1e-05,,,103,warmup,warmup,602.4957757367201
7.801531754074633,1e-05,,,104,warmup,warmup,663.359673446555
2.916891878119614,1e-05,,,105,warmup,warmup,671.8679316751952
4.189985659056018,1e-05,,,106,warmup,warmup,689.4239114982903
7.602028811811532,1e-05,,,107,warmup,warmup,747.2147535539029
0.402192856028444,1e-05,,,108,warmup,warmup,747.3765126473432
1.3147259391755406,1e-05,,,109,warmup,warmup,749.1050169424842
5.658893035594365,1e-05,,,110,warmup,warmup,781.1280873307826
4.716567709716799,1e-05,,,111,warmup,warmup,803.3740982911257
12.22891054617051,1e-05,,,112,warmup,warmup,952.9203514373661
3.8178491249234074,1e-05,,,113,warmup,warmup,967.4963233780445
0.14770102273454988,1e-05,,,114,warmup,warmup,967.5181389701613
2.565784118254883,1e-05,,,115,warmup,warmup,974.1013871116503
1.1556760176536045,1e-05,,,116,warmup,warmup,975.43697416943
4.207481587426499,1e-05,,,117,warmup,warmup,993.139875477963
4.666179107057116,1e-05,,,118,warmup,warmup,1014.9131029370993
5.391379513879651,1e-05,,,119,warmup,warmup,1043.9800759997804
4.620098979228067,1e-05,,,120,warmup,warmup,1065.3253905776446
1.0098871760843648,1e-05,,,121,warmup,warmup,1066.3452626860642
5.740996679648397,1e-05,,,122,warmup,warmup,1099.3043055617982
4.90477846383948,1e-05,,,123,warmup,warmup,1123.3611573411417
0.16325040077931385,1e-05,,,124,warmup,warmup,1123.3878080344964
0.06412391408628815,1e-05,,,125,warmup,warmup,1123.391919910854
4.478695038273148,1e-05,,,126,warmup,warmup,1143.4506291567066
0.8534441765003526,1e-05,,,127,warmup,warmup,1144.178996119109
3.5275806815469175,1e-05,,,128,warmup,warmup,1156.622821583932
6.0220676174666785,1e-05,,,129,warmup,warmup,1192.8881199732728
3.9555431551249365,1e-05,,,130,warmup,warmup,1208.5344416253286
3.5108862717999263,1e-05,,,131,warmup,warmup,1220.8607640388418
6.1163293859674965,1e-05,,,132,warmup,warmup,1258.2702491964912
7.488744716853607,1e-05,,,133,warmup,warmup,1314.351546630694
3.018275616775292,1e-05,,,134,warmup,warmup,1323.4615343295143
1.834617345453566,1e-05,,,135,warmup,warmup,1326.8273551337534
0.9417925813134307,1e-05,,,136,warmup,warmup,1327.7143283999703
2.098467262028402,1e-05,,,137,warmup,warmup,1332.1178932497753
0.019560468996939306,1e-05,,,138,warmup,warmup,1332.1182758617226
0.4769416952275476,1e-05,,,139,warmup,warmup,1332.345749242369
4.497094288976167,1e-05,,,140,warmup,warmup,1352.569606286311
4.109887332777323,1e-05,,,141,warmup,warmup,1369.4607801744346
0.94242204168666,1e-05,,,142,warmup,warmup,1370.3489394790915
2.982559458973128,1e-05,,,143,warmup,warmup,1379.2446004054016
2.1106021054474873,1e-05,,,144,warmup,warmup,1383.699241652921
1.2765015705955234,1e-05,,,145,warmup,warmup,1385.328697912654
0.40951154602896356,1e-05,,,146,warmup,warmup,1385.496397618985
1.295875487177204,1e-05,,,147,warmup,warmup,1387.1756908972518
1.0627569178568006,1e-05,,,148,warmup,warmup,1388.3051431637043
1.623918236933199,1e-05,,,149,warmup,warmup,1390.9422536039485
0.9514135091005702,1e-05,,,150,warmup,warmup,1391.8474412692476
4.4619725771188685,1e-05,,,151,warmup,warmup,1411.7566405482085
1.486260801610567,1e-05,,,152,warmup,warmup,1413.9656117186125
0.6375037007871139,1e-05,,,153,warmup,warmup,1414.3720226871299
0.8746712318168868,1e-05,,,154,warmup,warmup,1415.137072450898
0.5140275693155578,1e-05,,,155,warmup,warmup,1415.4012967929143
2.432638082497756,1e-05,,,156,warmup,warmup,1421.3190248333326
2.615593297155165,1e-05,,,157,warmup,warmup,1428.1603531294556
0.7063947229122611,1e-05,,,158,warmup,warmup,1428.659346634014
2.4820141083629848,1e-05,,,159,warmup,warmup,1434.8197406681268
1.5678655357113946,1e-05,,,160,warmup,warmup,1437.2779430061983
1.986623715678168,1e-05,,,161,warmup,warmup,1441.2246167938931
1.4661563699362443,1e-05,,,162,warmup,warmup,1443.3742312949978
0.3648679545080231,1e-05,,,163,warmup,warmup,1443.5073599192247
0.31833256232124896,1e-05,,,164,warmup,warmup,1443.6086955394587
1.1986125341935034,1e-05,,,165,warmup,warmup,1445.0453675465844
0.14915426487398964,1e-05,,,166,warmup,warmup,1445.0676145413145
3.1774522419909985,1e-05,,,167,warmup,warmup,1455.1638172914481
1.817705827257547,1e-05,,,168,warmup,warmup,1458.4678717658942
0.03334376326180255,1e-05,,,169,warmup,warmup,1458.4689835724425
0.2650398089875603,1e-05,,,170,warmup,warmup,1458.5392296727907
2.9811242625025915,1e-05,,,171,warmup,warmup,1467.4263315412722
0.8356558041905204,1e-05,,,172,warmup,warmup,1468.1246521643495
2.1495952473670794,1e-05,,,173,warmup,warmup,1472.7454118918527
3.0517821281373347,1e-05,,,174,warmup,warmup,1482.058786049471
0.032974293731453885,1e-05,,,175,warmup,warmup,1482.0598733535182
0.5003612784582423,1e-05,,,176,warmup,warmup,1482.3102347624986
2.0375023619150814,1e-05,,,177,warmup,warmup,1486.4616506373081
0.14131823762766071,1e-05,,,178,warmup,warmup,1486.4816214815944
0.3382956481603996,1e-05,,,179,warmup,warmup,1486.5960654271587
1.8157785027509186,1e-05,,,180,warmup,warmup,1489.893116998211
0.06844061727348905,1e-05,,,181,warmup,warmup,1489.897801116304
0.38387212681994676,1e-05,,,182,warmup,warmup,1490.0451589260533
0.1942232474277772,1e-05,,,183,warmup,warmup,1490.0828815958946
0.22805123629377277,1e-05,,,184,warmup,warmup,1490.1348889622698
0.655102721293336,1e-05,,,185,warmup,warmup,1490.5640485377157
0.6135613928170747,1e-05,,,186,warmup,warmup,1490.9405061204714
1.4819028608708535,1e-05,,,187,warmup,warmup,1493.1365422095287
0.30403347549841886,1e-05,,,188,warmup,warmup,1493.2289785637522
1.8334888839999062,1e-05,,,189,warmup,warmup,1496.5906600515034
0.13842114130623662,1e-05,,,190,warmup,warmup,1496.609820463864
0.04563408935983837,1e-05,,,191,warmup,warmup,1496.6119029339757
0.18645142829493278,1e-05,,,192,warmup,warmup,1496.6466670690888
0.4088960724137328,1e-05,,,193,warmup,warmup,1496.8138630671242
1.031625348510792,1e-05,,,194,warmup,warmup,1497.8781139268142
0.21561958962050842,1e-05,,,195,warmup,warmup,1497.9246057342423
0.8615535073974989,1e-05,,,196,warmup,warmup,1498.6668801803512
1.5109712181978034,1e-05,,,197,warmup,warmup,1500.9499142025734
0.5353231042466637,1e-05,,,198,warmup,warmup,1501.2364850285137
0.43529542806382615,1e-05,,,199,warmup,warmup,1501.425967138207
0.4750569238885536,1e-05,,,200,warmup,warmup,1501.6516462191414
0.27108746242638326,1e-05,,,201,warmup,warmup,1501.7251346314263
0.6441321889704139,1e-05,,,202,warmup,warmup,1502.1400409082942
0.4290315107930057,1e-05,,,203,warmup,warmup,1502.3241089455476
0.6345539825007993,1e-05,,,204,warmup,warmup,1502.726767702255
0.5160552773737569,1e-05,,,205,warmup,warmup,1502.9930807515605
0.48636016921823677,1e-05,,,206,warmup,warmup,1503.2296269657625
1.258846866697585,1e-05,,,207,warmup,warmup,1504.8143223995569
0.810680142531278,1e-05,,,208,warmup,warmup,1505.4715246930514
0.48962554866518326,1e-05,,,209,warmup,warmup,1505.711257870957
0.027072666662418587,1e-05,,,210,warmup,warmup,1505.7119908002373
0.23116958943297217,1e-05,,,211,warmup,warmup,1505.765430179316
0.4319319539037165,1e-05,,,212,warmup,warmup,1505.951995392119
0.3998862277483708,1e-05,,,213,warmup,warmup,1506.1119043872618
0.3365007029883351,1e-05,,,214,warmup,warmup,1506.2251371103735
0.2938858430897149,1e-05,,,215,warmup,warmup,1506.311505999142
0.0320957867190268,1e-05,,,216,warmup,warmup,1506.312536138667
0.17280652752440506,1e-05,,,217,warmup,warmup,1506.342398234622
0.5196871891088772,1e-05,,,218,warmup,warmup,1506.6124730091458
0.7713900925906509,1e-05,,,219,warmup,warmup,1507.2075156840929
0.14891177809394485,1e-05,,,220,warmup,warmup,1507.229690401748
0.15325172063439307,1e-05,,,221,warmup,warmup,1507.2531764916255
0.4748371657073527,1e-05,,,222,warmup,warmup,1507.4786468255625
0.562034134311205,1e-05,,,223,warmup,warmup,1507.7945291936935
1.2631865318827291,1e-05,,,224,warmup,warmup,1509.3901694080234
0.27284691426631724,1e-05,,,225,warmup,warmup,1509.4646148466481
0.5014282779141754,1e-05,,,226,warmup,warmup,1509.7160451645402
0.5820498530004974,1e-05,,,227,warmup,warmup,1510.054827195918
0.2381955045440769,1e-05,,,228,warmup,warmup,1510.111564294303
0.19766723972547973,1e-05,,,229,warmup,warmup,1510.1506366319636
0.5970802922159368,1e-05,,,230,warmup,warmup,1510.5071415073162
0.4521543915252906,1e-05,,,231,warmup,warmup,1510.7115851010917
0.11203456593477412,1e-05,,,232,warmup,warmup,1510.724136845056
0.12783249468653923,1e-05,,,233,warmup,warmup,1510.7404779917538
0.1363122420174956,1e-05,,,234,warmup,warmup,1510.7590590190775
0.4409116533370745,1e-05,,,235,warmup,warmup,1510.953462105126
0.21710755240912116,1e-05,,,236,warmup,warmup,1511.000597794439
0.24542211340203957,1e-05,,,237,warmup,warmup,1511.0608298081859
0.25780017582908854,1e-05,,,238,warmup,warmup,1511.1272907388434
0.1341985535632091,1e-05,,,239,warmup,warmup,1511.1452999906219
0.20505574941492188,1e-05,,,240,warmup,warmup,1511.18734785099
0.1830312226246349,1e-05,,,241,warmup,warmup,1511.2208482794454
0.05570249860951612,1e-05,,,242,warmup,warmup,1511.2239510477966
0.14752057143904285,1e-05,,,243,warmup,warmup,1511.2457133667942
0.0365245516216941,1e-05,,,244,warmup,warmup,1511.2470474096654
0.6581061067194831,1e-05,,,245,warmup,warmup,1511.6801510573669
0.1737251492311449,1e-05,,,246,warmup,warmup,1511.7103314848423
0.46529389773880503,1e-05,,,247,warmup,warmup,1511.9268298961154
0.22320429689800836,1e-05,,,248,warmup,warmup,1511.9766500542692
0.3759621216136573,1e-05,,,249,warmup,warmup,1512.1179975711575
0.39688725785096945,1e-05,,,250,warmup,warmup,1512.2755170666019
0.11257680536491721,1e-05,,,251,warmup,warmup,1512.288190603708
0.1377917390132528,1e-05,,,252,warmup,warmup,1512.3071771670484
0.6548401717025945,1e-05,,,253,warmup,warmup,1512.7359928175238
0.03780726411120172,1e-05,,,254,warmup,warmup,1512.7374222067433
0.030389811185298043,1e-05,,,255,warmup,warmup,1512.7383457473672
0.4243739939380209,1e-05,,,256,warmup,warmup,1512.9184390340981
0.09111468880669271,1e-05,,,257,warmup,warmup,1512.9267409206145
0.25727092795990336,1e-05,,,258,warmup,warmup,1512.9929292509878
0.013470552491074095,1e-05,,,259,warmup,warmup,1512.9931107067723
0.2257273523990131,1e-05,,,260,warmup,warmup,1513.0440635443933
0.03841137860169752,1e-05,,,261,warmup,warmup,1513.0455389783995
0.7905049947304001,1e-05,,,262,warmup,warmup,1513.6704371250933
0.47151211949970495,1e-05,,,263,warmup,warmup,1513.8927608039285
0.4033865087471791,1e-05,,,264,warmup,warmup,1514.0554814793677
0.14310715063980162,1e-05,,,265,warmup,warmup,1514.075961135932
0.5282372918135128,1e-05,,,266,warmup,warmup,1514.3549957723944
0.046606010431249345,1e-05,,,267,warmup,warmup,1514.3571678926028
0.14595926486866673,1e-05,,,268,warmup,warmup,1514.3784719996038
0.1087417326104636,1e-05,,,269,warmup,warmup,1514.390296764015
0.11041871854106677,1e-05,,,270,warmup,warmup,1514.4024890574192
0.17093514993523207,1e-05,,,271,warmup,warmup,1514.4317078829026
0.04809908502116622,1e-05,,,272,warmup,warmup,1514.4340214048825
0.18160919482163296,1e-05,,,273,warmup,warmup,1514.4670033045263
0.31197256300529297,1e-05,,,274,warmup,warmup,1514.5643301845944
0.022601361861403824,1e-05,,,275,warmup,warmup,1514.5648410061524
0.02921565979201901,1e-05,,,276,warmup,warmup,1514.5656945609294
0.43375296121927986,1e-05,,,277,warmup,warmup,1514.753836192296
0.06276665016864907,1e-05,,,278,warmup,warmup,1514.7577758446694
0.058235068207405094,1e-05,,,279,warmup,warmup,1514.7611671678385
0.3360109021129074,1e-05,,,280,warmup,warmup,1514.8740704941772
0.10271213471206475,1e-05,,,281,warmup,warmup,1514.8846202767943
0.3663986123926085,1e-05,,,282,warmup,warmup,1515.0188682199575
0.04125207097192263,1e-05,,,283,warmup,warmup,1515.020569953317
0.22908790897480902,1e-05,,,284,warmup,warmup,1515.0730512233554
0.24726795574091742,1e-05,,,285,warmup,warmup,1515.1341926652917
0.08725919741645116,1e-05,,,286,warmup,warmup,1515.1418068328255
0.41657375324110757,1e-05,,,287,warmup,warmup,1515.3153405247149
0.24745580611273787,1e-05,,,288,warmup,warmup,1515.3765749006939
0.2681250262417394,1e-05,,,289,warmup,warmup,1515.448465930391
0.002464876674807215,1e-05,,,290,warmup,warmup,1515.448472006008
0.010516230826095097,1e-05,,,291,warmup,warmup,1515.4485825971187
0.11194951197745073,1e-05,,,292,warmup,warmup,1515.4611152903508
0.04060513936909649,1e-05,,,293,warmup,warmup,1515.462764067694
0.14748474181774218,1e-05,,,294,warmup,warmup,1515.4845158167632
0.04005874817303806,1e-05,,,295,warmup,warmup,1515.4861205200684
0.014681493451223826,1e-05,,,296,warmup,warmup,1515.4863360663185
0.019041604393349232,1e-05,,,297,warmup,warmup,1515.4866986490163
0.1391629841544475,1e-05,,,298,warmup,warmup,1515.506064985175
0.14153482472001144,1e-05,,,299,warmup,warmup,1515.5260970917836
0.1627696202363862,1e-05,,,300,warmup,warmup,1515.5525910410556
0.05073418366072069,1e-05,,,301,warmup,warmup,1515.5551649984473
0.48738023784025053,1e-05,,,302,warmup,warmup,1515.7927044946846
0.13565006143647285,1e-05,,,303,warmup,warmup,1515.8111054338524
0.21263423989321517,1e-05,,,304,warmup,warmup,1515.8563187538273
0.01733563630057189,1e-05,,,305,warmup,warmup,1515.8566192781132
0.036493867807724456,1e-05,,,306,warmup,warmup,1515.8579510805007
0.16802030085917674,1e-05,,,307,warmup,warmup,1515.8861819020015
0.08406958632407546,1e-05,,,308,warmup,warmup,1515.893249597346
0.23496784269539095,1e-05,,,309,warmup,warmup,1515.948459484447
0.11861839030948618,1e-05,,,310,warmup,warmup,1515.9625298069666
0.331530282395022,1e-05,,,311,warmup,warmup,1516.0724421351115
0.02666397463794823,1e-05,,,312,warmup,warmup,1516.073153102655
0.2129380219915573,1e-05,,,313,warmup,warmup,1516.1184957038647
0.176012091605936,1e-05,,,314,warmup,warmup,1516.1494759602563
0.04070007105528184,1e-05,,,315,warmup,warmup,1516.1511324560402
0.10242924687870159,1e-05,,,316,warmup,warmup,1516.1616242066564
0.07533018957372484,1e-05,,,317,warmup,warmup,1516.1672988441176
0.1889488640975433,1e-05,,,318,warmup,warmup,1516.2030005173613
0.32312538426470594,1e-05,,,319,warmup,warmup,1516.3074105313174
0.18894670382308343,1e-05,,,320,warmup,warmup,1516.343111388203
0.14052178397491044,1e-05,,,321,warmup,warmup,1516.3628577599745
0.07147151807813223,1e-05,,,322,warmup,warmup,1516.3679659378708
0.021680644655302395,1e-05,,,323,warmup,warmup,1516.3684359882236
0.030572814438741602,1e-05,,,324,warmup,warmup,1516.3693706852064
0.06621691902640858,1e-05,,,325,warmup,warmup,1516.3737553655717
0.11110962823098447,1e-05,,,326,warmup,warmup,1516.3861007150574
0.3666513957997841,1e-05,,,327,warmup,warmup,1516.5205339610993
0.09030150062299658,1e-05,,,328,warmup,warmup,1516.528688322114
0.04005894698161616,1e-05,,,329,warmup,warmup,1516.5302930413472
0.01982157817283181,1e-05,,,330,warmup,warmup,1516.5306859363086
0.2347097707152841,1e-05,,,331,warmup,warmup,1516.5857746127779
0.0015212680880150042,1e-05,,,332,warmup,warmup,1516.5857769270344
0.3668640804085097,1e-05,,,333,warmup,warmup,1516.7203661805283
0.39583196260377207,1e-05,,,334,warmup,warmup,1516.8770491231471
0.16763411240329895,1e-05,,,335,warmup,warmup,1516.9051503187884
0.02331262755667085,1e-05,,,336,warmup,warmup,1516.905693797392
0.10112658995700041,1e-05,,,337,warmup,warmup,1516.9159203845882
0.08284514323517378,1e-05,,,338,warmup,warmup,1516.922783702346
0.28552435514762475,1e-05,,,339,warmup,warmup,1517.0043078597284
0.30197240129809644,1e-05,,,340,warmup,warmup,1517.095495190874
0.04034846346419063,1e-05,,,341,warmup,warmup,1517.097123189378
0.11260137879062704,1e-05,,,342,warmup,warmup,1517.1098022598835
0.152649637281137,1e-05,,,343,warmup,warmup,1517.1331041716455
0.18038713885028912,1e-05,,,344,warmup,warmup,1517.1656436915082
0.29125355961198984,1e-05,,,345,warmup,warmup,1517.250472327495
0.03265596562044315,1e-05,,,346,warmup,warmup,1517.2515387395854
0.05945646777704594,1e-05,,,347,warmup,warmup,1517.2550738111458
0.11111350389484542,1e-05,,,348,warmup,warmup,1517.2674200218937
0.14920977944024028,1e-05,,,349,warmup,warmup,1517.2896835801744
0.15307899401580638,1e-05,,,350,warmup,warmup,1517.3131167585832
0.33414200195636345,1e-05,,,351,warmup,warmup,1517.4247676360546
0.134268087310768,1e-05,,,352,warmup,warmup,1517.4427955553247
0.036534748727500954,1e-05,,,353,warmup,warmup,1517.4441303431893
0.005049555482519175,1e-05,,,354,warmup,warmup,1517.4441558411997
0.0384767997339619,1e-05,,,355,warmup,warmup,1517.4456363053175
0.003859761577895693,1e-05,,,356,warmup,warmup,1517.445651203077
0.14098735089354086,1e-05,,,357,warmup,warmup,1517.465528636189
0.2781745096640469,1e-05,,,358,warmup,warmup,1517.5429096940159
0.09872497319344653,1e-05,,,359,warmup,warmup,1517.5526563143478
0.46374364827490533,1e-05,,,360,warmup,warmup,1517.7677144856632
0.1545962716325644,1e-05,,,361,warmup,warmup,1517.7916144928658
0.0002669081880641855,1e-05,,,362,warmup,warmup,1517.7916145641059
0.23847630910477058,1e-05,,,363,warmup,warmup,1517.84848551411
0.020966718011410812,1e-05,,,364,warmup,warmup,1517.8489251173742
0.2530145515318205,1e-05,,,365,warmup,warmup,1517.912941480661
0.14504107749365236,1e-05,,,366,warmup,warmup,1517.9339783948215
0.33205571317425253,1e-05,,,367,warmup,warmup,1518.0442393914732
0.11376561925108009,1e-05,,,368,warmup,warmup,1518.0571820075968
0.131532781312373,1e-05,,,369,warmup,warmup,1518.0744828801567
0.12649044485305172,1e-05,,,370,warmup,warmup,1518.0904827127958
0.24172363662426388,1e-05,,,371,warmup,warmup,1518.1489130292987
0.24357994340896516,1e-05,,,372,warmup,warmup,1518.2082442181297
0.13149292573814297,1e-05,,,373,warmup,warmup,1518.2255346076488
0.10295219339002637,1e-05,,,374,warmup,warmup,1518.2361337617726
0.07710280850784645,1e-05,,,375,warmup,warmup,1518.2420786048524
0.1956765561482584,1e-05,,,376,warmup,warmup,1518.2803679194785
0.08771902466204207,1e-05,,,377,warmup,warmup,1518.2880625467662
0.4580146494188089,1e-05,,,378,warmup,warmup,1518.4978399658485
0.00796758055376623,1e-05,,,379,warmup,warmup,1518.4979034481883
0.04879311284905785,1e-05,,,380,warmup,warmup,1518.5002842160497
0.07463693174034702,1e-05,,,381,warmup,warmup,1518.5058548876293
0.0320351192851136,1e-05,,,382,warmup,warmup,1518.506881136497
0.17132122273146555,1e-05,,,383,warmup,warmup,1518.5362320978552
0.34843469103300073,1e-05,,,384,warmup,warmup,1518.6576388317706
0.048729589870737056,1e-05,,,385,warmup,warmup,1518.6600134046996
0.23959338927174167,1e-05,,,386,warmup,warmup,1518.7174183968823
0.25480027507843905,1e-05,,,387,warmup,warmup,1518.7823415770624
0.08305092615377507,1e-05,,,388,warmup,warmup,1518.7892390333975
0.11532934433496322,1e-05,,,389,warmup,warmup,1518.8025398910622
0.4366776304095463,1e-05,,,390,warmup,warmup,1518.9932272439623
0.06093386728682848,1e-05,,,391,warmup,warmup,1518.996940180145
0.07978819193870379,1e-05,,,392,warmup,warmup,1519.0033063357178
0.2456359630371634,1e-05,,,393,warmup,warmup,1519.063643362055
0.06438976215417314,1e-05,,,394,warmup,warmup,1519.0677894035252
0.36341912541695365,1e-05,,,395,warmup,warmup,1519.199862864244
0.1789728514934268,1e-05,,,396,warmup,warmup,1519.2318941458159
0.008032108302397312,1e-05,,,397,warmup,warmup,1519.2319586605797
0.3562361555643845,1e-05,,,398,warmup,warmup,1519.358862859111
0.012357487257352417,1e-05,,,399,warmup,warmup,1519.3590155666022
0.168231143014121,1e-05,,,400,warmup,warmup,1519.387317284082
0.03514244298001046,1e-05,,,401,warmup,warmup,1519.3885522753806
0.23530110678314603,1e-05,,,402,warmup,warmup,1519.4439188862339
0.004484884796870592,1e-05,,,403,warmup,warmup,1519.4439390004254
0.13582570407304217,1e-05,,,404,warmup,warmup,1519.4623876223125
0.00039218673206931065,1e-05,,,405,warmup,warmup,1519.4623877761228
0.19420577560537766,1e-05,,,406,warmup,warmup,1519.5001036594012
0.24463884405449976,1e-05,,,407,warmup,warmup,1519.5599518234217
0.27886492814426944,1e-05,,,408,warmup,warmup,1519.6377174715706
0.16841345532771257,1e-05,,,409,warmup,warmup,1519.666080563506
0.21748642362373283,1e-05,,,410,warmup,warmup,1519.7133809079667
0.2119376827738657,1e-05,,,411,warmup,warmup,1519.7582984893463
0.04961763031884514,1e-05,,,412,warmup,warmup,1519.7607603985848
0.030927005794403772,1e-05,,,413,warmup,warmup,1519.7617168782722
0.1552467978803671,1e-05,,,414,warmup,warmup,1519.7858184465242
0.02262725513375452,1e-05,,,415,warmup,warmup,1519.7863304391992
0.04729977799345875,1e-05,,,416,warmup,warmup,1519.7885677081974
0.4714978940302359,1e-05,,,417,warmup,warmup,1520.0108779722723
0.09618585824002168,1e-05,,,418,warmup,warmup,1520.0201296915977
0.5998365511001045,1e-05,,,419,warmup,warmup,1520.3799335796334
0.021684581030076977,1e-05,,,420,warmup,warmup,1520.3804038006879
0.06351368617105235,1e-05,,,421,warmup,warmup,1520.3844377890189
0.41554665684812875,1e-05,,,422,warmup,warmup,1520.5571168130366
0.20099323536344427,1e-05,,,423,warmup,warmup,1520.5975150936986
0.07221602675338434,1e-05,,,424,warmup,warmup,1520.6027302482187
0.23424043588933952,1e-05,,,425,warmup,warmup,1520.6575988300242
0.1630663354361177,1e-05,,,426,warmup,warmup,1520.6841894597767
0.06679187717190294,1e-05,,,427,warmup,warmup,1520.688650614633
0.3872617160741636,1e-05,,,428,warmup,warmup,1520.8386222513695
0.07516874657742267,1e-05,,,429,warmup,warmup,1520.8442725918317
0.09819444024457802,1e-05,,,430,warmup,warmup,1520.8539147399267
0.46175960044181075,1e-05,,,431,warmup,warmup,1521.067136668527
0.2255596412340113,1e-05,,,432,warmup,warmup,1521.1180138202806
0.2654367042807251,1e-05,,,433,warmup,warmup,1521.18847046426
0.10681506107778604,1e-05,,,434,warmup,warmup,1521.199879921533
0.038860008225645615,1e-05,,,435,warmup,warmup,1521.2013900217723
0.3028105350005865,1e-05,,,436,warmup,warmup,1521.2930842418796
0.009007889119218682,1e-05,,,437,warmup,warmup,1521.293165383946
0.641171094660099,1e-05,,,438,warmup,warmup,1521.7042657565737
0.09519092857180711,1e-05,,,439,warmup,warmup,1521.713327069456
0.007263833675789755,1e-05,,,440,warmup,warmup,1521.7133798327357
0.1289115837833723,1e-05,,,441,warmup,warmup,1521.729998029169
0.45648166367919707,1e-05,,,442,warmup,warmup,1521.9383735384445
0.17060089968822068,1e-05,,,443,warmup,warmup,1521.967478205419
0.500052602924205,1e-05,,,444,warmup,warmup,1522.2175308111102
0.03278457891779407,1e-05,,,445,warmup,warmup,1522.218605639725
0.13722130895627904,1e-05,,,446,warmup,warmup,1522.2374353273567
0.03254095340131968,1e-05,,,447,warmup,warmup,1522.238494241005
0.33959956501996835,1e-05,,,448,warmup,warmup,1522.3538221055667
0.15876342947315703,1e-05,,,449,warmup,warmup,1522.3790279321047
0.11628999247681371,1e-05,,,450,warmup,warmup,1522.392551294455
0.44846106082072534,1e-05,,,451,warmup,warmup,1522.5936686175273
0.13559409283100576,1e-05,,,452,warmup,warmup,1522.612054375538
0.01619590216550648,1e-05,,,453,warmup,warmup,1522.612316682785
0.03963375463298657,1e-05,,,454,warmup,warmup,1522.6138875172912
0.3167702527502687,1e-05,,,455,warmup,warmup,1522.7142309103187
0.22420721640621988,1e-05,,,456,warmup,warmup,1522.7644997862074
0.3717675911348829,1e-05,,,457,warmup,warmup,1522.9027109280255
0.07539362751957168,1e-05,,,458,warmup,warmup,1522.9083951270961
0.31899395970535993,1e-05,,,459,warmup,warmup,1523.0101522734246
0.10624040100051202,1e-05,,,460,warmup,warmup,1523.0214392962293
0.22660551349273206,1e-05,,,461,warmup,warmup,1523.0727893549747
0.16126808244254764,1e-05,,,462,warmup,warmup,1523.0987967493893
0.10369924003826547,1e-05,,,463,warmup,warmup,1523.1095502817739
0.10686665144727225,1e-05,,,464,warmup,warmup,1523.1209707629655
0.06355743281327708,1e-05,,,465,warmup,warmup,1523.1250103102313
0.3019429662120219,1e-05,,,466,warmup,warmup,1523.2161798650764
0.07162493294517525,1e-05,,,467,warmup,warmup,1523.2213099960957
0.21128118068773372,1e-05,,,468,warmup,warmup,1523.2659497334084
0.14228469686987244,1e-05,,,469,warmup,warmup,1523.2861946683718
0.02755796594147364,1e-05,,,470,warmup,warmup,1523.2869541098587
0.18737187641020903,1e-05,,,471,warmup,warmup,1523.3220623299283
0.09391647804429759,1e-05,,,472,warmup,warmup,1523.3308826347766
0.13661190188881722,1e-05,,,473,warmup,warmup,1523.3495454465142
0.23514193936610017,1e-05,,,474,warmup,warmup,1523.404837178163
0.04823099168701739,1e-05,,,475,warmup,warmup,1523.407163406722
0.23813252802854912,1e-05,,,476,warmup,warmup,1523.4638705076272
0.12308568832067723,1e-05,,,477,warmup,warmup,1523.4790205942966
0.22877490019063407,1e-05,,,478,warmup,warmup,1523.5313585492538
0.10335853260238448,1e-05,,,479,warmup,warmup,1523.5420415355156
0.04706973070845821,1e-05,,,480,warmup,warmup,1523.5442570950645
0.06435715845913847,1e-05,,,481,warmup,warmup,1523.5483989389095
0.07130812134479925,1e-05,,,482,warmup,warmup,1523.5534837870791
0.008635557577412634,1e-05,,,483,warmup,warmup,1523.5535583599337
0.005018582475198041,1e-05,,,484,warmup,warmup,1523.5535835461037
0.05082173526970202,1e-05,,,485,warmup,warmup,1523.5561663948795
0.05331677605303886,1e-05,,,486,warmup,warmup,1523.5590090734881
0.21227518286252867,1e-05,,,487,warmup,warmup,1523.6040698267475
0.09378923723714117,1e-05,,,488,warmup,warmup,1523.612866247769
0.04568133078614611,1e-05,,,489,warmup,warmup,1523.6149530317514
0.08176836223349548,1e-05,,,490,warmup,warmup,1523.6216390968136
0.3404769278409314,1e-05,,,491,warmup,warmup,1523.7375636352056
0.020789856658603334,1e-05,,,492,warmup,warmup,1523.7379958533454
0.17413342032723267,1e-05,,,493,warmup,warmup,1523.7683183014203
0.05479368736148871,1e-05,,,494,warmup,warmup,1523.771320649595
0.011711963254074975,1e-05,,,495,warmup,warmup,1523.7714578196783
0.18393679440650423,1e-05,,,496,warmup,warmup,1523.8052905640147
0.13240853339437564,1e-05,,,497,warmup,warmup,1523.8228225837304
0.12881355448777443,1e-05,,,498,warmup,warmup,1523.8394155155502
0.02749660706318302,1e-05,,,499,warmup,warmup,1523.84017157895
0.14955127454915962,1e-05,,,500,warmup,warmup,1523.8625371626692
0.3778098904678363,1e-05,,,501,warmup,warmup,1524.0052774760045
0.3467041201728156,1e-05,,,502,warmup,warmup,1524.1254812229492
0.32558936240578706,1e-05,,,503,warmup,warmup,1524.231489655861
0.33435360575902173,1e-05,,,504,warmup,warmup,1524.343281989545
0.18772470897801496,1e-05,,,505,warmup,warmup,1524.3785225559059
0.07813922160826037,1e-05,,,506,warmup,warmup,1524.3846282938594
0.07520954153811843,1e-05,,,507,warmup,warmup,1524.3902847689976
0.041206284298122675,1e-05,,,508,warmup,warmup,1524.3919827268633
0.09047282991958827,1e-05,,,509,warmup,warmup,1524.400168059817
0.1845438856550654,1e-05,,,510,warmup,warmup,1524.4342245055495
0.13072616148867144,1e-05,,,511,warmup,warmup,1524.451313834847
0.07800194071594291,1e-05,,,512,warmup,warmup,1524.4573981376025
0.015683378103824364,1e-05,,,513,warmup,warmup,1524.4576441059512
0.33463111214059804,1e-05,,,514,warmup,warmup,1524.5696220871637
0.0917278113133515,1e-05,,,515,warmup,warmup,1524.578036078532
0.27017369886323417,1e-05,,,516,warmup,warmup,1524.6510299060894
0.0666866508681414,1e-05,,,517,warmup,warmup,1524.6554770154935
0.018874406333576843,1e-05,,,518,warmup,warmup,1524.6558332587078
0.007159279914238259,1e-05,,,519,warmup,warmup,1524.6558845139966
0.20484930452954409,1e-05,,,520,warmup,warmup,1524.697847751563
0.04371692111953607,1e-05,,,521,warmup,warmup,1524.6997589207551
0.061629705576747185,1e-05,,,522,warmup,warmup,1524.7035571413646
0.07600984666533162,1e-05,,,523,warmup,warmup,1524.7093346381548
0.375697299623293,1e-05,,,524,warmup,warmup,1524.850483099099
0.13914602365051798,1e-05,,,525,warmup,warmup,1524.8698447149966
0.11239748368233204,1e-05,,,526,warmup,warmup,1524.8824779093347
0.20049935521901485,1e-05,,,527,warmup,warmup,1524.922677900778
0.10128583793542878,1e-05,,,528,warmup,warmup,1524.9329367217442
0.0013598506074696814,1e-05,,,529,warmup,warmup,1524.932938570938
0.09066436147088641,1e-05,,,530,warmup,warmup,1524.941158597379
0.0005421586042274606,1e-05,,,531,warmup,warmup,1524.941158891315
0.1734167298134235,1e-05,,,532,warmup,warmup,1524.971232253494
0.006462378096336985,1e-05,,,533,warmup,warmup,1524.9712740158247
0.04818237898875033,1e-05,,,534,warmup,warmup,1524.9735955574697
0.009412771890443317,1e-05,,,535,warmup,warmup,1524.9736841577444
0.2549054099488455,1e-05,,,536,warmup,warmup,1525.0386609257655
0.14679559227167205,1e-05,,,537,warmup,warmup,1525.0602098716759
0.05845700732036763,1e-05,,,538,warmup,warmup,1525.0636270933808
0.0065129014520755035,1e-05,,,539,warmup,warmup,1525.0636695112662
0.2468008018527712,1e-05,,,540,warmup,warmup,1525.1245801470614
0.05373171411844302,1e-05,,,541,warmup,warmup,1525.1274672441634
0.25671724874943214,1e-05,,,542,warmup,warmup,1525.1933709899688
0.02320998826095,1e-05,,,543,warmup,warmup,1525.193909693524
0.29828726251090165,1e-05,,,544,warmup,warmup,1525.2828849845002
0.13048420697539065,1e-05,,,545,warmup,warmup,1525.2999111127701
0.03212701001084195,1e-05,,,546,warmup,warmup,1525.3009432575423
0.004153579723714884,1e-05,,,547,warmup,warmup,1525.3009605097668
0.30805822015089956,1e-05,,,548,warmup,warmup,1525.3958603767694
0.3386494474498347,1e-05,,,549,warmup,warmup,1525.5105438250275
0.011278449266236112,1e-05,,,550,warmup,warmup,1525.5106710284454
0.22422589675668902,1e-05,,,551,warmup,warmup,1525.5609482812217
0.30608673811020815,1e-05,,,552,warmup,warmup,1525.6546373724686
0.25733537952835217,1e-05,,,553,warmup,warmup,1525.7208588700257
0.306286389640015,1e-05,,,554,warmup,warmup,1525.8146702225044
0.11156816042291684,1e-05,,,555,warmup,warmup,1525.8271176769247
0.005396883316272749,1e-05,,,556,warmup,warmup,1525.8271468032742
0.043521647264984864,1e-05,,,557,warmup,warmup,1525.829040937055
0.183577309274213,1e-05,,,558,warmup,warmup,1525.8627415655353
0.018944199389736127,1e-05,,,559,warmup,warmup,1525.8631004482259
0.0900704647131898,1e-05,,,560,warmup,warmup,1525.8712131368395
0.2999291130766464,1e-05,,,561,warmup,warmup,1525.9611706097105
0.04512129876013038,1e-05,,,562,warmup,warmup,1525.9632065413123
0.0207144447681884,1e-05,,,563,warmup,warmup,1525.9636356295343
0.03825574958897526,1e-05,,,564,warmup,warmup,1525.9650991319108
0.18929836173069087,1e-05,,,565,warmup,warmup,1526.0009330016649
0.1872550203016914,1e-05,,,566,warmup,warmup,1526.0359974442931
0.3880052973122794,1e-05,,,567,warmup,warmup,1526.1865455550355
0.16000942323272582,1e-05,,,568,warmup,warmup,1526.2121485705588
0.20185606988316396,1e-05,,,569,warmup,warmup,1526.2528944435076
0.002988220864160951,1e-05,,,570,warmup,warmup,1526.2529033729716
0.33182335578613276,1e-05,,,571,warmup,warmup,1526.3630101124168
0.2882055695455765,1e-05,,,572,warmup,warmup,1526.446072562734
0.04367834614982535,1e-05,,,573,warmup,warmup,1526.4479803606562
0.12284973244016406,1e-05,,,574,warmup,warmup,1526.4630724174167
0.052105710697818,1e-05,,,575,warmup,warmup,1526.465787422504
0.2187178323131036,1e-05,,,576,warmup,warmup,1526.5136249126758
0.23053043105416027,1e-05,,,577,warmup,warmup,1526.566769192318
0.23185852022642073,1e-05,,,578,warmup,warmup,1526.6205275657194
0.12002083923596896,1e-05,,,579,warmup,warmup,1526.6349325675703
0.06363343535737354,1e-05,,,580,warmup,warmup,1526.6389817816657
0.35089493627012214,1e-05,,,581,warmup,warmup,1526.7621090379657
0.2587296221064068,1e-05,,,582,warmup,warmup,1526.829050055321
0.45758895490905616,1e-05,,,583,warmup,warmup,1527.0384377069756
0.3007291093613702,1e-05,,,584,warmup,warmup,1527.128875704193
0.03717324105388842,1e-05,,,585,warmup,warmup,1527.1302575540435
0.05691739096511661,1e-05,,,586,warmup,warmup,1527.1334971434378
0.22838526265610115,1e-05,,,587,warmup,warmup,1527.1856569716363
0.18219761262919132,1e-05,,,588,warmup,warmup,1527.218852941684
0.10931576743573235,1e-05,,,589,warmup,warmup,1527.230802878694
0.2159962136491509,1e-05,,,590,warmup,warmup,1527.2774572430048
0.026041257121739103,1e-05,,,591,warmup,warmup,1527.2781353900773
0.00978458320115605,1e-05,,,592,warmup,warmup,1527.2782311281458
0.1708929065522813,1e-05,,,593,warmup,warmup,1527.3074355136557
0.05040866071040284,1e-05,,,594,warmup,warmup,1527.3099765467302
0.13384341012296463,1e-05,,,595,warmup,warmup,1527.3278906051635
0.16245931845387318,1e-05,,,596,warmup,warmup,1527.354283635316
0.3584078596104021,1e-05,,,597,warmup,warmup,1527.4827398291466
0.028420884288718806,1e-05,,,598,warmup,warmup,1527.4835475758102
0.31726994812362186,1e-05,,,599,warmup,warmup,1527.5842077957925
0.11053754792291781,1e-05,,,600,warmup,warmup,1527.5964263452934
0.2694978608650782,1e-05,,,601,warmup,warmup,1527.6690554423042
0.24828636581070418,1e-05,,,602,warmup,warmup,1527.7307015617516
0.12918991176847516,1e-05,,,603,warmup,warmup,1527.7473915950543
0.13676176568053,1e-05,,,604,warmup,warmup,1527.7660953756063
0.3593054381995495,1e-05,,,605,warmup,warmup,1527.895195773526
0.054888409308638586,1e-05,,,606,warmup,warmup,1527.8982085110024
0.24553717428386257,1e-05,,,607,warmup,warmup,1527.9584970149576
0.07992342002392233,1e-05,,,608,warmup,warmup,1527.964884768026
0.1860912617706535,1e-05,,,609,warmup,warmup,1527.9995147257334
0.07920919782251801,1e-05,,,610,warmup,warmup,1528.0057888227532
0.13118214243991577,1e-05,,,611,warmup,warmup,1528.0229975772484
0.2865869752304555,1e-05,,,612,warmup,warmup,1528.10512967162
0.20508750304707135,1e-05,,,613,warmup,warmup,1528.147190555526
0.2533633918360304,1e-05,,,614,warmup,warmup,1528.2113835638488
0.12490110505850671,1e-05,,,615,warmup,warmup,1528.2269838498937
0.32307551569296145,1e-05,,,616,warmup,warmup,1528.331361638734
0.14412834851839573,1e-05,,,617,warmup,warmup,1528.3521346195807
0.012377628334788282,1e-05,,,618,warmup,warmup,1528.3522878252638
0.047142142998654935,1e-05,,,619,warmup,warmup,1528.3545102069104
0.2305728596457861,1e-05,,,620,warmup,warmup,1528.4076740505157
0.01418523329823973,1e-05,,,621,warmup,warmup,1528.4078752713594
0.05885224824117685,1e-05,,,622,warmup,warmup,1528.4113388584824
0.012923309858424048,1e-05,,,623,warmup,warmup,1528.4115058704201
0.1611527204578579,1e-05,,,624,warmup,warmup,1528.437476069731
0.029822111205332735,1e-05,,,625,warmup,warmup,1528.4383654280477
0.20264473224793011,1e-05,,,626,warmup,warmup,1528.4794303155556
0.021033623315314554,1e-05,,,627,warmup,warmup,1528.4798727288655
0.16967214790958174,1e-05,,,628,warmup,warmup,1528.5086613666417
0.12814623477854248,1e-05,,,629,warmup,warmup,1528.5250828241296
0.03896570443221936,1e-05,,,630,warmup,warmup,1528.5266011502515
0.03988690355832847,1e-05,,,631,warmup,warmup,1528.5281921153269
0.010600515713289127,1e-05,,,632,warmup,warmup,1528.5283044862604
0.19820997332513812,1e-05,,,633,warmup,warmup,1528.567591679786
0.13706358900275672,1e-05,,,634,warmup,warmup,1528.5863781072162
0.18178122670800723,1e-05,,,635,warmup,warmup,1528.6194225215997
0.18661805913079021,1e-05,,,636,warmup,warmup,1528.6542488215935
0.28458734881700565,1e-05,,,637,warmup,warmup,1528.7352387807002
0.3260240756306258,1e-05,,,638,warmup,warmup,1528.841530478591
0.10318742675516646,1e-05,,,639,warmup,warmup,1528.8521781236313
0.37033331953750803,1e-05,,,640,warmup,warmup,1528.989324891191
0.028623531846098338,1e-05,,,641,warmup,warmup,1528.9901441977663
0.25306389897157244,1e-05,,,642,warmup,warmup,1529.054185534729
0.05063005789633118,1e-05,,,643,warmup,warmup,1529.0567489374916
0.10426492597119275,1e-05,,,644,warmup,warmup,1529.0676201122794
0.0025524010959738774,1e-05,,,645,warmup,warmup,1529.0676266270307
0.2899420744526613,1e-05,,,646,warmup,warmup,1529.1516930335686
0.0106894516106113,1e-05,,,647,warmup,warmup,1529.1518072979443
0.002434357309967883,1e-05,,,648,warmup,warmup,1529.1518132240399
0.07042985448212358,1e-05,,,649,warmup,warmup,1529.1567735884423
0.024673835359658725,1e-05,,,650,warmup,warmup,1529.1573823865938
0.18429089279432598,1e-05,,,651,warmup,warmup,1529.1913455197607
0.05103186571777241,1e-05,,,652,warmup,warmup,1529.1939497710794
0.2264689064989287,1e-05,,,653,warmup,warmup,1529.2452379366903
0.30994665476823213,1e-05,,,654,warmup,warmup,1529.3413048654922
0.05808862129219694,1e-05,,,655,warmup,warmup,1529.3446791534159
0.14498623177435377,1e-05,,,656,warmup,warmup,1529.36570016082
0.1700123440859329,1e-05,,,657,warmup,warmup,1529.3946043579617
0.030232326882217553,1e-05,,,658,warmup,warmup,1529.3955183515504
0.07521423524542348,1e-05,,,659,warmup,warmup,1529.401175532734
0.006285288356052465,1e-05,,,660,warmup,warmup,1529.4012150375836
0.07262929153569253,1e-05,,,661,warmup,warmup,1529.4064900515725
0.06659404682636705,1e-05,,,662,warmup,warmup,1529.4109248186453
0.11489265266625459,1e-05,,,663,warmup,warmup,1529.424125140282
0.3045712698774068,1e-05,,,664,warmup,warmup,1529.5168887987168
0.6159785713886565,1e-05,,,665,warmup,warmup,1529.8963183991268
0.19382543893456283,1e-05,,,666,warmup,warmup,1529.933886699905
0.25064415587937017,1e-05,,,667,warmup,warmup,1529.9967091927815
0.029151042967434426,1e-05,,,668,warmup,warmup,1529.9975589760877
0.10518475466907642,1e-05,,,669,warmup,warmup,1530.0086228087025
0.061263496125347316,1e-05,,,670,warmup,warmup,1530.01237602466
0.11922443191156384,1e-05,,,671,warmup,warmup,1530.0265904898247
0.046866788124889425,1e-05,,,672,warmup,warmup,1530.0287869856538
0.0324973539428246,1e-05,,,673,warmup,warmup,1530.0298430636672
0.09331281785511036,1e-05,,,674,warmup,warmup,1530.0385503456432
0.06158685966271449,1e-05,,,675,warmup,warmup,1530.0423432869263
0.0720186159289018,1e-05,,,676,warmup,warmup,1530.0475299679667
0.09787694981823725,1e-05,,,677,warmup,warmup,1530.0571098652724
0.1167475623197447,1e-05,,,678,warmup,warmup,1530.07073985858
0.2525475430350381,1e-05,,,679,warmup,warmup,1530.1345201200731
0.1407271391789724,1e-05,,,680,warmup,warmup,1530.1543242477746
0.012523728754875396,1e-05,,,681,warmup,warmup,1530.1544810915566
0.11463659631373879,1e-05,,,682,warmup,warmup,1530.167622640771
0.08972701831479846,1e-05,,,683,warmup,warmup,1530.1756735785866
0.1840279763441428,1e-05,,,684,warmup,warmup,1530.209539874664
0.14428991380876788,1e-05,,,685,warmup,warmup,1530.230359453891
0.14042021172025843,1e-05,,,686,warmup,warmup,1530.2500772897506
0.08358671189728106,1e-05,,,687,warmup,warmup,1530.2570640281565
0.19306272886480524,1e-05,,,688,warmup,warmup,1530.2943372454333
0.038526744067399754,1e-05,,,689,warmup,warmup,1530.2958215554418
0.10524283452077321,1e-05,,,690,warmup,warmup,1530.3068976096597
0.0119768772898734,1e-05,,,691,warmup,warmup,1530.3070410552493
0.045538014330874343,1e-05,,,692,warmup,warmup,1530.3091147659986
0.1392511144448516,1e-05,,,693,warmup,warmup,1530.3285056388727
0.19423903973088485,1e-05,,,694,warmup,warmup,1530.3662344434283
0.14838856845436688,1e-05,,,695,warmup,warmup,1530.3882536106762
0.15069593303939377,1e-05,,,696,warmup,warmup,1530.4109628749109
0.024811854339894857,1e-05,,,697,warmup,warmup,1530.4115785030267
0.0973457556496049,1e-05,,,698,warmup,warmup,1530.4210546991696
0.49617746376359584,1e-05,,,699,warmup,warmup,1530.6672467747164
0.00547496871176012,1e-05,,,700,warmup,warmup,1530.6672767499988
0.41155711267846407,1e-05,,,701,warmup,warmup,1530.836656006995
0.025614311964809566,1e-05,,,702,warmup,warmup,1530.8373120999725
0.04711066641398798,1e-05,,,703,warmup,warmup,1530.8395315148625
0.18314037524389093,1e-05,,,704,warmup,warmup,1530.873071911907
0.4034383348607964,1e-05,,,705,warmup,warmup,1531.035834401942
0.5313175025164236,1e-05,,,706,warmup,warmup,1531.3181326904223
0.19810954831187821,1e-05,,,707,warmup,warmup,1531.3573800835547
0.6692366234821367,1e-05,,,708,warmup,warmup,1531.8052577417645
0.3955315888531592,1e-05,,,709,warmup,warmup,1531.9617029795452
0.25502063619062554,1e-05,,,710,warmup,warmup,1532.0267385044283
0.02203018928046374,1e-05,,,711,warmup,warmup,1532.0272238336681
0.5441910641550778,1e-05,,,712,warmup,warmup,1532.3233677479743
0.6449307087738134,1e-05,,,713,warmup,warmup,1532.7393033670937
0.24451435022110557,1e-05,,,714,warmup,warmup,1532.7990906345578
0.015367399363475087,1e-05,,,715,warmup,warmup,1532.799326791521
0.01230130944938157,1e-05,,,716,warmup,warmup,1532.7994781137352
0.10740821520360644,1e-05,,,717,warmup,warmup,1532.8110146384283
0.07673959760389781,1e-05,,,718,warmup,warmup,1532.8169036042686
0.14488545722934498,1e-05,,,719,warmup,warmup,1532.8378953999852
0.1686933972505198,1e-05,,,720,warmup,warmup,1532.866352862261
0.036317297182116626,1e-05,,,721,warmup,warmup,1532.8676718083357
0.44786063809759513,1e-05,,,722,warmup,warmup,1533.0682509594928
0.017398158628703975,1e-05,,,723,warmup,warmup,1533.0685536554165
0.07773064378333983,1e-05,,,724,warmup,warmup,1533.0745957083996
0.12502020592111407,1e-05,,,725,warmup,warmup,1533.0902257602881
0.08463389451453729,1e-05,,,726,warmup,warmup,1533.0973886563888
0.42056645683249494,1e-05,,,727,warmup,warmup,1533.2742648010014
0.3308641915132302,1e-05,,,728,warmup,warmup,1533.3837359142271
0.08187514211410463,1e-05,,,729,warmup,warmup,1533.3904394531235
0.15118509267426505,1e-05,,,730,warmup,warmup,1533.4132963853704
0.39332799907535865,1e-05,,,731,warmup,warmup,1533.568003300227
0.07661396156583855,1e-05,,,732,warmup,warmup,1533.5738729993338
0.26926642276466684,1e-05,,,733,warmup,warmup,1533.6463774057622
0.22542093737256685,1e-05,,,734,warmup,warmup,1533.697192004768
0.22208324493938525,1e-05,,,735,warmup,warmup,1533.746512972451
0.1604858921773129,1e-05,,,736,warmup,warmup,1533.772268694039
0.04517917740301591,1e-05,,,737,warmup,warmup,1533.7743098521098
0.0258327200189421,1e-05,,,738,warmup,warmup,1533.7749771815334
0.10684526924534232,1e-05,,,739,warmup,warmup,1533.7863930930935
0.3307275587786105,1e-05,,,740,warmup,warmup,1533.8957738112292
0.27542581900080165,1e-05,,,741,warmup,warmup,1533.9716331930015
0.11548965286904256,1e-05,,,742,warmup,warmup,1533.9849710529213
0.6587064849454607,1e-05,,,743,warmup,warmup,1534.4188652862306
0.17920756043482733,1e-05,,,744,warmup,warmup,1534.4509806359476
0.388324992390745,1e-05,,,745,warmup,warmup,1534.6017769356629
0.044850880827938866,1e-05,,,746,warmup,warmup,1534.6037885371738
0.23626209319696745,1e-05,,,747,warmup,warmup,1534.6596083138556
0.19558288576135552,1e-05,,,748,warmup,warmup,1534.6978609790583
0.346212925742309,1e-05,,,749,warmup,warmup,1534.8177243690093
0.2420186033498185,1e-05,,,750,warmup,warmup,1534.8762973733767
0.3464565301062734,1e-05,,,751,warmup,warmup,1534.99632950063
0.030268652191052237,1e-05,,,752,warmup,warmup,1534.9972456919354
0.018317224618013217,1e-05,,,753,warmup,warmup,1534.9975812126531
0.09987454677440755,1e-05,,,754,warmup,warmup,1535.0075561377466
0.09569418261892682,1e-05,,,755,warmup,warmup,1535.0167135143338
0.07181346313497405,1e-05,,,756,warmup,warmup,1535.0218706878213
0.19452234774352462,1e-05,,,757,warmup,warmup,1535.059709631593
0.003973575211762004,1e-05,,,758,warmup,warmup,1535.059725420893
0.058571687629713765,1e-05,,,759,warmup,warmup,1535.063156063485
0.1602852850276244,1e-05,,,760,warmup,warmup,1535.0888474360813
0.01609606374176309,1e-05,,,761,warmup,warmup,1535.0891065193493
0.06292917722655078,1e-05,,,762,warmup,warmup,1535.0930666006957
0.07526127441679753,1e-05,,,763,warmup,warmup,1535.0987308601225
0.23164828921725666,1e-05,,,764,warmup,warmup,1535.1523917900197
0.3450714174436662,1e-05,,,765,warmup,warmup,1535.2714660731563
0.33338385925159963,1e-05,,,766,warmup,warmup,1535.3826108707658
0.20136356762214547,1e-05,,,767,warmup,warmup,1535.4231581571314
0.03196143516071248,1e-05,,,768,warmup,warmup,1535.424179690469
0.06219671462400367,1e-05,,,769,warmup,warmup,1535.4280481217788
0.11703427805619171,1e-05,,,770,warmup,warmup,1535.441745144019
0.11052734642411899,1e-05,,,771,warmup,warmup,1535.4539614383266
0.0483688511801319,1e-05,,,772,warmup,warmup,1535.456300984091
0.2548793423718472,1e-05,,,773,warmup,warmup,1535.521264463259
0.19937488303244955,1e-05,,,774,warmup,warmup,1535.5610148072433
0.27077678221204404,1e-05,,,775,warmup,warmup,1535.6343348730284
0.062182582804326536,1e-05,,,776,warmup,warmup,1535.6382015466327
0.3649542416801683,1e-05,,,777,warmup,warmup,1535.771393145153
0.044400893429424215,1e-05,,,778,warmup,warmup,1535.7733645844903
0.5081378851254681,1e-05,,,779,warmup,warmup,1536.0315686947902
0.3973001817669519,1e-05,,,780,warmup,warmup,1536.1894161292223
0.3966828550265813,1e-05,,,781,warmup,warmup,1536.3467734166943
0.020580637815502012,1e-05,,,782,warmup,warmup,1536.3471969793472
0.17257390450690657,1e-05,,,783,warmup,warmup,1536.376978731864
0.282869708259911,1e-05,,,784,warmup,warmup,1536.4569940037152
0.6019209734412838,1e-05,,,785,warmup,warmup,1536.8193028619837
0.1630548216690304,1e-05,,,786,warmup,warmup,1536.8458897368532
0.2715904719253643,1e-05,,,787,warmup,warmup,1536.9196511212938
0.26267146070249714,1e-05,,,788,warmup,warmup,1536.9886474175614
0.07659538172828473,1e-05,,,789,warmup,warmup,1536.9945142700635
0.04124259219942761,1e-05,,,790,warmup,warmup,1536.9962152214748
0.004364020052594952,1e-05,,,791,warmup,warmup,1536.9962342661458
0.1591749858830891,1e-05,,,792,warmup,warmup,1537.0215709422766
0.2635554314275236,1e-05,,,793,warmup,warmup,1537.0910324077115
0.044705082782441785,1e-05,,,794,warmup,warmup,1537.0930309521382
0.11294655980609924,1e-05,,,795,warmup,warmup,1537.1057878775102
0.13226262571169345,1e-05,,,796,warmup,warmup,1537.1232812796704
0.055413295872812185,1e-05,,,797,warmup,warmup,1537.12635191303
0.08852677533734621,1e-05,,,798,warmup,warmup,1537.1341889029816
0.016473811331250587,1e-05,,,799,warmup,warmup,1537.1344602894414
0.15116502931171905,1e-05,,,800,warmup,warmup,1537.1573111555283
0.3817441193362878,1e-05,,,801,warmup,warmup,1537.3030397281761
0.36154281059576343,1e-05,,,802,warmup,warmup,1537.4337529320696
0.16411582101121702,1e-05,,,803,warmup,warmup,1537.4606869347758
0.12001697332568284,1e-05,,,804,warmup,warmup,1537.475091008662
0.2686743266512126,1e-05,,,805,warmup,warmup,1537.5472769024636
0.11070681168751184,1e-05,,,806,warmup,warmup,1537.5595329006176
0.054787528297012944,1e-05,,,807,warmup,warmup,1537.5625345738745
0.29584031090181817,1e-05,,,808,warmup,warmup,1537.650056063429
0.21086809677400442,1e-05,,,809,warmup,warmup,1537.694521417666
0.21050800963367022,1e-05,,,810,warmup,warmup,1537.738835039786
0.010936757244683903,1e-05,,,811,warmup,warmup,1537.738954652445
0.11992160947197883,1e-05,,,812,warmup,warmup,1537.7533358448634
0.040631485172351045,1e-05,,,813,warmup,warmup,1537.7549867624507
0.2907244898504011,1e-05,,,814,warmup,warmup,1537.8395074914495
0.17036748659062528,1e-05,,,815,warmup,warmup,1537.8685325719366
0.21176607814271442,1e-05,,,816,warmup,warmup,1537.9133774437885
0.11086665571777177,1e-05,,,817,warmup,warmup,1537.9256688591386
0.5575721252166179,1e-05,,,818,warmup,warmup,1538.2365555339572
0.030559471956061568,1e-05,,,819,warmup,warmup,1538.2374894152836
0.3117042996816579,1e-05,,,820,warmup,warmup,1538.3346489857236
0.012181454169731154,1e-05,,,821,warmup,warmup,1538.3347973735492
0.26549835174938075,1e-05,,,822,warmup,warmup,1538.4052867483308
0.22211322548915335,1e-05,,,823,warmup,warmup,1538.454621033268
0.12601936976635564,1e-05,,,824,warmup,warmup,1538.4705019148244
0.23159686713749128,1e-05,,,825,warmup,warmup,1538.5241390236922
0.21299001735987555,1e-05,,,826,warmup,warmup,1538.569503771187
0.4485228817363982,1e-05,,,827,warmup,warmup,1538.7706765466282
0.12458926890798994,1e-05,,,828,warmup,warmup,1538.7861990325553
0.2661185796315815,1e-05,,,829,warmup,warmup,1538.8570181309804
0.10954975832859493,1e-05,,,830,warmup,warmup,1538.8690192805302
0.2420997852253315,1e-05,,,831,warmup,warmup,1538.9276315865363
0.08333014632912428,1e-05,,,832,warmup,warmup,1538.9345754998235
0.06304429228501762,1e-05,,,833,warmup,warmup,1538.9385500826131
0.37071364382467564,1e-05,,,834,warmup,warmup,1539.075978688331
0.27835809301391246,1e-05,,,835,warmup,warmup,1539.1534619162771
0.2159821131631332,1e-05,,,836,warmup,warmup,1539.2001101894834
0.09576405207971006,1e-05,,,837,warmup,warmup,1539.2092809431542
0.10144167147119365,1e-05,,,838,warmup,warmup,1539.2195713558651
0.18257525797414131,1e-05,,,839,warmup,warmup,1539.2529050806895
0.2611683070856339,1e-05,,,840,warmup,warmup,1539.3211139653156
0.06733089672431802,1e-05,,,841,warmup,warmup,1539.3256474149694
0.03442280500505035,1e-05,,,842,warmup,warmup,1539.3268323444738
0.07611592235244213,1e-05,,,843,warmup,warmup,1539.3326259781095
0.21147364733090113,1e-05,,,844,warmup,warmup,1539.377347081625
0.13115091882935204,1e-05,,,845,warmup,warmup,1539.3945476451347
0.33099920865214916,1e-05,,,846,warmup,warmup,1539.504108121263
0.01685337151868893,1e-05,,,847,warmup,warmup,1539.5043921573945
0.02773876799918984,1e-05,,,848,warmup,warmup,1539.5051615966445
0.08548391194069642,1e-05,,,849,warmup,warmup,1539.512469095845
0.15543400969828625,1e-05,,,850,warmup,warmup,1539.536628827216
0.22513186311961952,1e-05,,,851,warmup,warmup,1539.5873131830076
0.10475914486436633,1e-05,,,852,warmup,warmup,1539.5982876614403
0.2226828738681288,1e-05,,,853,warmup,warmup,1539.6478753237545
0.17640048361023375,1e-05,,,854,warmup,warmup,1539.6789924543725
0.1802842659253554,1e-05,,,855,warmup,warmup,1539.7114948709127
0.17885538674822143,1e-05,,,856,warmup,warmup,1539.7434841202817
0.4825325325632255,1e-05,,,857,warmup,warmup,1539.9763217652635
0.12041948072669584,1e-05,,,858,warmup,warmup,1539.990822616602
0.16712115988184362,1e-05,,,859,warmup,warmup,1540.0187520986822
0.2075968035418807,1e-05,,,860,warmup,warmup,1540.061848531523
0.06991364809359357,1e-05,,,861,warmup,warmup,1540.0667364497128
0.2704003949076772,1e-05,,,862,warmup,warmup,1540.1398528232792
0.005174000398501466,1e-05,,,863,warmup,warmup,1540.1398795935593
0.4458124112036046,1e-05,,,864,warmup,warmup,1540.3386282995425
0.016799925189266318,1e-05,,,865,warmup,warmup,1540.3389105370288
0.21293631075789943,1e-05,,,866,warmup,warmup,1540.384252409468
0.26726532701352346,1e-05,,,867,warmup,warmup,1540.4556831644916
0.09827207667699134,1e-05,,,868,warmup,warmup,1540.465340565546
0.0941094884212576,1e-05,,,869,warmup,warmup,1540.4741971613569
0.11191045318591297,1e-05,,,870,warmup,warmup,1540.4867211108892
0.1453745006531424,1e-05,,,871,warmup,warmup,1540.5078548563295
0.024580966671235105,1e-05,,,872,warmup,warmup,1540.508459080252
0.07960587920280116,1e-05,,,873,warmup,warmup,1540.5147961762555
0.009740819435719583,1e-05,,,874,warmup,warmup,1540.5148910598186
0.1557672112671158,1e-05,,,875,warmup,warmup,1540.5391544839247
0.004179305795748434,1e-05,,,876,warmup,warmup,1540.5391719505217
0.08506708337040969,1e-05,,,877,warmup,warmup,1540.5464083591949
0.11231350983263422,1e-05,,,878,warmup,warmup,1540.5590226836857
0.17339662815040757,1e-05,,,879,warmup,warmup,1540.5890890743397
0.15490853170106078,1e-05,,,880,warmup,warmup,1540.6130857275334
0.2607174195021522,1e-05,,,881,warmup,warmup,1540.6810593003652
0.04067263755458317,1e-05,,,882,warmup,warmup,1540.682713563811
0.18253254853059486,1e-05,,,883,warmup,warmup,1540.716031695084
0.31009207109906,1e-05,,,884,warmup,warmup,1540.8121887876425
0.7382902082352238,1e-05,,,885,warmup,warmup,1541.3572612192186
0.19569789040502084,1e-05,,,886,warmup,warmup,1541.3955588835277
0.030497870309197594,1e-05,,,887,warmup,warmup,1541.3964890036211
0.20305934593866048,1e-05,,,888,warmup,warmup,1541.437722101594
0.16647038290770944,1e-05,,,889,warmup,warmup,1541.4654344899795
0.13296988939149523,1e-05,,,890,warmup,warmup,1541.4831154814644
0.23072419716102965,1e-05,,,891,warmup,warmup,1541.53634913662
0.03090283153452944,1e-05,,,892,warmup,warmup,1541.537304121617
0.1512333237727379,1e-05,,,893,warmup,warmup,1541.5601756398362
0.5473199911972078,1e-05,,,894,warmup,warmup,1541.8597348126002
0.28092569193811734,1e-05,,,895,warmup,warmup,1541.938654056991
0.12410671648266547,1e-05,,,896,warmup,warmup,1541.9540565340671
0.01796864410201754,1e-05,,,897,warmup,warmup,1541.954379406238
0.24231590574623185,1e-05,,,898,warmup,warmup,1542.0130964044158
0.2898136419032227,1e-05,,,899,warmup,warmup,1542.097088351449
0.12214982186369294,1e-05,,,900,warmup,warmup,1542.1120089304302
0.07388512331170505,1e-05,,,901,warmup,warmup,1542.117467941877
0.1438231130380312,1e-05,,,902,warmup,warmup,1542.138153029721
0.061042440497373285,1e-05,,,903,warmup,warmup,1542.141879209263
0.04523514705974313,1e-05,,,904,warmup,warmup,1542.1439254277925
0.046752853719280674,1e-05,,,905,warmup,warmup,1542.1461112571235
0.05336801756214271,1e-05,,,906,warmup,warmup,1542.148959402422
0.0835855073048265,1e-05,,,907,warmup,warmup,1542.1559459394534
0.09678792571759587,1e-05,,,908,warmup,warmup,1542.1653138420181
0.12899538826343449,1e-05,,,909,warmup,warmup,1542.1819536522114
0.2420918266812535,1e-05,,,910,warmup,warmup,1542.2405621047574
0.09241392398659665,1e-05,,,911,warmup,warmup,1542.249102438104
0.10863745257238921,1e-05,,,912,warmup,warmup,1542.2609045342056
0.09119157118679988,1e-05,,,913,warmup,warmup,1542.2692204368611
0.02687886264762973,1e-05,,,914,warmup,warmup,1542.2699429101183
0.006789791019246039,1e-05,,,915,warmup,warmup,1542.2699890113804
0.07831123823597252,1e-05,,,916,warmup,warmup,1542.2761216614144
0.12748186969585884,1e-05,,,917,warmup,warmup,1542.2923732885156
0.1229059160583823,1e-05,,,918,warmup,warmup,1542.3074791527176
0.16716672556656853,1e-05,,,919,warmup,warmup,1542.3354238668542
0.30895167394534484,1e-05,,,920,warmup,warmup,1542.4308750036878
0.006518128995867567,1e-05,,,921,warmup,warmup,1542.4309174896935
0.09169091727684986,1e-05,,,922,warmup,warmup,1542.4393247140044
0.3167052834893753,1e-05,,,923,warmup,warmup,1542.5396269505945
0.13632338522676424,1e-05,,,924,warmup,warmup,1542.5582110159542
0.23526015447360038,1e-05,,,925,warmup,warmup,1542.613558356237
0.24630338464949642,1e-05,,,926,warmup,warmup,1542.6742237135268
0.06639672919913053,1e-05,,,927,warmup,warmup,1542.6786322391752
0.034439145488514455,1e-05,,,928,warmup,warmup,1542.6798182939172
0.08114313654396454,1e-05,,,929,warmup,warmup,1542.6864025025254
0.08087652601887219,1e-05,,,930,warmup,warmup,1542.6929435149864
0.03447912379212248,1e-05,,,931,warmup,warmup,1542.694132324964
0.05180602553588298,1e-05,,,932,warmup,warmup,1542.6968161892457
0.09475208155661896,1e-05,,,933,warmup,warmup,1542.705794146205
0.06341273825410054,1e-05,,,934,warmup,warmup,1542.709815321578
0.15990328056435388,1e-05,,,935,warmup,warmup,1542.7353843807132
0.04173532892285858,1e-05,,,936,warmup,warmup,1542.7371262183935
0.029916497052276725,1e-05,,,937,warmup,warmup,1542.7380212151895
0.1161053322962049,1e-05,,,938,warmup,warmup,1542.7515016633772
0.20765339142757888,1e-05,,,939,warmup,warmup,1542.7946215943487
0.004122669033341353,1e-05,,,940,warmup,warmup,1542.7946385907487
0.016333276550007936,1e-05,,,941,warmup,warmup,1542.7949053666716
0.1051807925546937,1e-05,,,942,warmup,warmup,1542.8059683657941
0.008066778509387973,1e-05,,,943,warmup,warmup,1542.8060334387096
0.01981765051490436,1e-05,,,944,warmup,warmup,1542.8064261779816
0.0029790314620923297,1e-05,,,945,warmup,warmup,1542.8064350526101
0.2442594868089043,1e-05,,,946,warmup,warmup,1542.8660977495063
0.15535479260009843,1e-05,,,947,warmup,warmup,1542.89023286109
0.07646546104203633,1e-05,,,948,warmup,warmup,1542.8960798278224
0.029481989904219644,1e-05,,,949,warmup,warmup,1542.8969490155512
0.14243287605877697,1e-05,,,950,warmup,warmup,1542.9172361397336
0.18621446682126575,1e-05,,,951,warmup,warmup,1542.951911967387
0.10615362846072429,1e-05,,,952,warmup,warmup,1542.9631805602226
0.1613995171910605,1e-05,,,953,warmup,warmup,1542.9892303643721
0.17644872688044866,1e-05,,,954,warmup,warmup,1543.0203645175898
0.045279600100471384,1e-05,,,955,warmup,warmup,1543.022414759775
0.17579944426237137,1e-05,,,956,warmup,warmup,1543.053320204378
0.10163595058192954,1e-05,,,957,warmup,warmup,1543.0636500708288
0.09289277666192675,1e-05,,,958,warmup,warmup,1543.0722791387848
0.0672315469729492,1e-05,,,959,warmup,warmup,1543.0767992196932
0.1650895843136797,1e-05,,,960,warmup,warmup,1543.104053790542
0.05986495938237413,1e-05,,,961,warmup,warmup,1543.1076376039039
0.13002863174180157,1e-05,,,962,warmup,warmup,1543.1245450489764
0.1219004699760049,1e-05,,,963,warmup,warmup,1543.1394047735569
0.2513385087518438,1e-05,,,964,warmup,warmup,1543.2025758195384
0.0288778347700287,1e-05,,,965,warmup,warmup,1543.2034097488795
0.20437897977545005,1e-05,,,966,warmup,warmup,1543.2451805162536
0.15840464770595464,1e-05,,,967,warmup,warmup,1543.2702725486686
0.018832948330812727,1e-05,,,968,warmup,warmup,1543.2706272286114
0.14412097142161784,1e-05,,,969,warmup,warmup,1543.2913980830149
0.192379735708478,1e-05,,,970,warmup,warmup,1543.328408045726
0.031167395800851594,1e-05,,,971,warmup,warmup,1543.3293794522872
0.40605756417252525,1e-05,,,972,warmup,warmup,1543.4942621977088
0.15328505456163732,1e-05,,,973,warmup,warmup,1543.5177585056608
0.054432808462463456,1e-05,,,974,warmup,warmup,1543.520721436298
0.42086508307645243,1e-05,,,975,warmup,warmup,1543.6978488544507
0.1964831054622853,1e-05,,,976,warmup,warmup,1543.7364544651828
0.13581771306719626,1e-05,,,977,warmup,warmup,1543.7549009163656
0.20837237406365355,1e-05,,,978,warmup,warmup,1543.7983199626385
0.022998989288740113,1e-05,,,979,warmup,warmup,1543.7988489161469
0.07711384657504583,1e-05,,,980,warmup,warmup,1543.8047954614806
0.2952554497834923,1e-05,,,981,warmup,warmup,1543.8919712421075
0.08349995716216663,1e-05,,,982,warmup,warmup,1543.8989434849536
0.1533574519339922,1e-05,,,983,warmup,warmup,1543.9224619930174
0.028797488620607048,1e-05,,,984,warmup,warmup,1543.923291288368
0.06003848799610445,1e-05,,,985,warmup,warmup,1543.926895908409
0.1575109536410475,1e-05,,,986,warmup,warmup,1543.951705608926
0.12406079447546192,1e-05,,,987,warmup,warmup,1543.967096689652
0.1403430338671141,1e-05,,,988,warmup,warmup,1543.986792856807
0.3590346181934265,1e-05,,,989,warmup,warmup,1544.1156987138681
0.026493125148955077,1e-05,,,990,warmup,warmup,1544.1164005995483
0.11080328877741374,1e-05,,,991,warmup,warmup,1544.1286779683521
0.07437555685956942,1e-05,,,992,warmup,warmup,1544.1342096918104
0.10580592313021331,1e-05,,,993,warmup,warmup,1544.14540458518
0.11764490821922813,1e-05,,,994,warmup,warmup,1544.15924490961
0.31694796313180706,1e-05,,,995,warmup,warmup,1544.2597009209433
0.1276906800050539,1e-05,,,996,warmup,warmup,1544.2760058307035
0.058265861726887636,1e-05,,,997,warmup,warmup,1544.2794007413463
0.08122312579766611,1e-05,,,998,warmup,warmup,1544.2859979375107
0.0898906562407209,1e-05,,,999,warmup,warmup,1544.29407826759
