acc,capacity_remaining,delta_step_theory,delta_total,eps_spent,eps_step_theory,event,event_type,op,regret
4.059955843855475,inf,,,0.0,,0,calibrate,calibrate,0.0
14.709106179450675,inf,,,0.0,,1,calibrate,calibrate,0.0
1.1012293971409242,inf,,,0.0,,2,calibrate,calibrate,0.0
0.6139724065005518,inf,,,0.0,,3,calibrate,calibrate,0.0
11.884356876692,inf,,,0.0,,4,calibrate,calibrate,0.0
6.408190310867619,inf,,,0.0,,5,calibrate,calibrate,0.0
34.24365600249628,inf,,,0.0,,6,calibrate,calibrate,0.0
16.100076137213975,inf,,,0.0,,7,calibrate,calibrate,0.0
6.5241727656678234,inf,,,0.0,,8,calibrate,calibrate,0.0
8.392670699212273,inf,,,0.0,,9,calibrate,calibrate,0.0
32.695005326496215,inf,,,0.0,,10,calibrate,calibrate,0.0
1.9293393786157138,inf,,,0.0,,11,calibrate,calibrate,0.0
15.968785516941715,inf,,,0.0,,12,calibrate,calibrate,0.0
10.09721884192785,inf,,,0.0,,13,calibrate,calibrate,0.0
13.93426610510356,inf,,,0.0,,14,calibrate,calibrate,0.0
4.404527439605666,inf,,,0.0,,15,calibrate,calibrate,0.0
32.72291293867639,inf,,,0.0,,16,calibrate,calibrate,0.0
1.6829931019961002,inf,,,0.0,,17,calibrate,calibrate,0.0
2.536624829843896,inf,,,0.0,,18,calibrate,calibrate,0.0
17.173740955607894,inf,,,0.0,,19,calibrate,calibrate,0.0
46.02155666186701,inf,,,0.0,,20,calibrate,calibrate,0.0
7.028911344947811,inf,,,0.0,,21,calibrate,calibrate,0.0
8.53355123386779,inf,,,0.0,,22,calibrate,calibrate,0.0
6.691867911984954,inf,,,0.0,,23,calibrate,calibrate,0.0
2.0244548936188886,inf,,,0.0,,24,calibrate,calibrate,0.0
16.39415236093836,inf,,,0.0,,25,calibrate,calibrate,0.0
10.277400744186046,inf,,,0.0,,26,calibrate,calibrate,0.0
6.319097703762869,inf,,,0.0,,27,calibrate,calibrate,0.0
3.5790364739533542,inf,,,0.0,,28,calibrate,calibrate,0.0
1.4443332253248986,inf,,,0.0,,29,calibrate,calibrate,0.0
11.590572260507287,inf,,,0.0,,30,calibrate,calibrate,0.0
0.02291882695136671,inf,,,0.0,,31,calibrate,calibrate,0.0
7.160869661112099,inf,,,0.0,,32,calibrate,calibrate,0.0
3.6056774391855715,inf,,,0.0,,33,calibrate,calibrate,0.0
1.0563609026904537,inf,,,0.0,,34,calibrate,calibrate,0.0
6.970732754251605,inf,,,0.0,,35,calibrate,calibrate,0.0
1.9494682380395068,inf,,,0.0,,36,calibrate,calibrate,0.0
13.463081517359809,inf,,,0.0,,37,calibrate,calibrate,0.0
18.784825674919176,inf,,,0.0,,38,calibrate,calibrate,0.0
0.011721698766117727,inf,,,0.0,,39,calibrate,calibrate,0.0
8.691046430411442,inf,,,0.0,,40,calibrate,calibrate,0.0
1.0278930392540313,inf,,,0.0,,41,calibrate,calibrate,0.0
17.252733832976453,inf,,,0.0,,42,calibrate,calibrate,0.0
7.224027423136421,inf,,,0.0,,43,calibrate,calibrate,0.0
10.303431036008531,inf,,,0.0,,44,calibrate,calibrate,0.0
8.975525728003836,inf,,,0.0,,45,calibrate,calibrate,0.0
13.086901778782888,inf,,,0.0,,46,calibrate,calibrate,0.0
0.3952934294164545,inf,,,0.0,,47,calibrate,calibrate,0.0
15.12588499976096,inf,,,0.0,,48,calibrate,calibrate,0.0
8.41245238130627,inf,,,0.0,,49,calibrate,calibrate,0.0
11.51857419530633,,,1e-05,0.0,,100,warmup,warmup,132.67755149277687
10.22341920325212,,,1e-05,0.0,,101,warmup,warmup,237.1958516982011
5.2453061431959895,,,1e-05,0.0,,102,warmup,warmup,264.7090882340507
3.763709641794062,,,1e-05,0.0,,103,warmup,warmup,278.87459850178425
2.7620064600165435,,,1e-05,0.0,,104,warmup,warmup,286.50327818695735
0.2411344351181739,,,1e-05,0.0,,105,warmup,warmup,286.5614240027571
2.4580071634184595,,,1e-05,0.0,,106,warmup,warmup,292.6032232181736
6.395068600227355,,,1e-05,0.0,,107,warmup,warmup,333.50012561978747
1.9551495236326097,,,1e-05,0.0,,108,warmup,warmup,337.3227352795483
1.177556514840059,,,1e-05,0.0,,109,warmup,warmup,338.70937462519055
2.6618947574827283,,,1e-05,0.0,,110,warmup,warmup,345.7950583251046
4.343016021120469,,,1e-05,0.0,,111,warmup,warmup,364.6568464848137
4.287155670732,,,1e-05,0.0,,112,warmup,warmup,383.03655022990324
0.4530014437161993,,,1e-05,0.0,,113,warmup,warmup,383.2417605379122
4.341279155887978,,,1e-05,0.0,,114,warmup,warmup,402.08846524725965
2.997311783181168,,,1e-05,0.0,,115,warmup,warmup,411.07234317285634
9.173802609305977,,,1e-05,0.0,,116,warmup,warmup,495.23099748736547
1.029947927518921,,,1e-05,0.0,,117,warmup,warmup,496.291790220766
0.1187566881897224,,,1e-05,0.0,,118,warmup,warmup,496.3058933717558
0.2723659978336046,,,1e-05,0.0,,119,warmup,warmup,496.38007660853174
1.4468445138592765,,,1e-05,0.0,,120,warmup,warmup,498.47343565581644
0.5089477414472467,,,1e-05,0.0,,121,warmup,warmup,498.7324634593407
2.5118131904456504,,,1e-05,0.0,,122,warmup,warmup,505.04166896303747
1.4539062005655763,,,1e-05,0.0,,123,warmup,warmup,507.1555122030805
0.9962266729843138,,,1e-05,0.0,,124,warmup,warmup,508.14797978704587
3.0086501106132886,,,1e-05,0.0,,125,warmup,warmup,517.1999552751392
2.8971267438257478,,,1e-05,0.0,,126,warmup,warmup,525.5932986449296
3.3081843960434725,,,1e-05,0.0,,127,warmup,warmup,536.5373826431552
13.549699168844713,,,1e-05,0.0,,128,warmup,warmup,720.1317302093463
15.36714048944117,,,1e-05,0.0,,129,warmup,warmup,956.2807370315685
1.389528883584271,,,1e-05,0.0,,130,warmup,warmup,958.2115275498835
1.2949393213118934,,,1e-05,0.0,,131,warmup,warmup,959.8883953957632
7.4870607947643695,,,1e-05,0.0,,132,warmup,warmup,1015.9444747402608
0.4924088853648376,,,1e-05,0.0,,133,warmup,warmup,1016.1869412506471
5.953057774523355,,,1e-05,0.0,,134,warmup,warmup,1051.62583811746
2.102336699821997,,,1e-05,0.0,,135,warmup,warmup,1056.0456577168784
1.6999209170427747,,,1e-05,0.0,,136,warmup,warmup,1058.9353888410778
1.2022222838542405,,,1e-05,0.0,,137,warmup,warmup,1060.3807272608735
6.033276702561573,,,1e-05,0.0,,138,warmup,warmup,1096.7811550305457
0.4996874802617155,,,1e-05,0.0,,139,warmup,warmup,1097.030842608476
1.042663160815657,,,1e-05,0.0,,140,warmup,warmup,1098.117989075398
1.915884724172391,,,1e-05,0.0,,141,warmup,warmup,1101.7886033517152
1.9764601549598046,,,1e-05,0.0,,142,warmup,warmup,1105.6949980958589
0.7726274883257662,,,1e-05,0.0,,143,warmup,warmup,1106.2919513315755
0.7513701773129902,,,1e-05,0.0,,144,warmup,warmup,1106.856508474931
1.2591629320553501,,,1e-05,0.0,,145,warmup,warmup,1108.4419997643931
0.3956848797634498,,,1e-05,0.0,,146,warmup,warmup,1108.5985662884666
2.0092424248756373,,,1e-05,0.0,,147,warmup,warmup,1112.6356214103866
5.8181868873177045,,,1e-05,0.0,,148,warmup,warmup,1146.4869200661424
4.520213177557876,,,1e-05,0.0,,149,warmup,warmup,1166.9192472367101
1.0542860278561634,,,1e-05,0.0,,150,warmup,warmup,1168.0307662652428
2.108689279989508,,,1e-05,0.0,,151,warmup,warmup,1172.4773367447856
1.6725558569959307,,,1e-05,0.0,,152,warmup,warmup,1175.274779839557
2.2739945712291467,,,1e-05,0.0,,153,warmup,warmup,1180.4458311495366
1.2014423786298982,,,1e-05,0.0,,154,warmup,warmup,1181.8892949387046
4.669263218516866,,,1e-05,0.0,,155,warmup,warmup,1203.691313942499
6.177936530901874,,,1e-05,0.0,,156,warmup,warmup,1241.858213722351
1.0668459384449138,,,1e-05,0.0,,157,warmup,warmup,1242.9963739787272
4.571471014403778,,,1e-05,0.0,,158,warmup,warmup,1263.8947212142612
0.26637443635970737,,,1e-05,0.0,,159,warmup,warmup,1263.9656765546072
0.6616542910235431,,,1e-05,0.0,,160,warmup,warmup,1264.4034629554371
1.493640194548071,,,1e-05,0.0,,161,warmup,warmup,1266.6344239862067
1.362588323518818,,,1e-05,0.0,,162,warmup,warmup,1268.4910709255964
1.852429655416395,,,1e-05,0.0,,163,warmup,warmup,1271.9225665538625
5.824897741054528,,,1e-05,0.0,,164,warmup,warmup,1305.8520002476046
2.751999599949067,,,1e-05,0.0,,165,warmup,warmup,1313.4255020457244
0.8223948403031374,,,1e-05,0.0,,166,warmup,warmup,1314.1018353190816
2.385287604515712,,,1e-05,0.0,,167,warmup,warmup,1319.791432275338
3.509451351571415,,,1e-05,0.0,,168,warmup,warmup,1332.1076810643845
1.4045530815919287,,,1e-05,0.0,,169,warmup,warmup,1334.0804504233938
2.358912598448841,,,1e-05,0.0,,170,warmup,warmup,1339.6449190705146
0.5042519885244463,,,1e-05,0.0,,171,warmup,warmup,1339.8991891384453
2.2773696840222772,,,1e-05,0.0,,172,warmup,warmup,1345.085601816149
1.1590321776782253,,,1e-05,0.0,,173,warmup,warmup,1346.4289574050424
1.6318433984747576,,,1e-05,0.0,,174,warmup,warmup,1349.091870282188
0.6935857704289878,,,1e-05,0.0,,175,warmup,warmup,1349.5729315031297
3.1234732128937677,,,1e-05,0.0,,176,warmup,warmup,1359.3290164147945
1.066767591820832,,,1e-05,0.0,,177,warmup,warmup,1360.4670095097538
0.7024495342405216,,,1e-05,0.0,,178,warmup,warmup,1360.9604448579084
1.039858584755918,,,1e-05,0.0,,179,warmup,warmup,1362.041750734199
0.5330219989261842,,,1e-05,0.0,,180,warmup,warmup,1362.3258631855383
1.3626580987337136,,,1e-05,0.0,,181,warmup,warmup,1364.1827002795828
0.6394978832222833,,,1e-05,0.0,,182,warmup,warmup,1364.5916578222286
2.8465341219886273,,,1e-05,0.0,,183,warmup,warmup,1372.6944143298742
2.6956072656490244,,,1e-05,0.0,,184,warmup,warmup,1379.9607128604941
0.48150164062594314,,,1e-05,0.0,,185,warmup,warmup,1380.1925566904197
1.7891406035013997,,,1e-05,0.0,,186,warmup,warmup,1383.393580789517
0.015474985964359478,,,1e-05,0.0,,187,warmup,warmup,1383.3938202647078
1.4384371377998797,,,1e-05,0.0,,188,warmup,warmup,1385.4629216641097
0.30973733550958094,,,1e-05,0.0,,189,warmup,warmup,1385.5588588811183
0.888118694827007,,,1e-05,0.0,,190,warmup,warmup,1386.3476136972195
0.6546298365506322,,,1e-05,0.0,,191,warmup,warmup,1386.7761539201217
1.8916005429953628,,,1e-05,0.0,,192,warmup,warmup,1390.354306534382
1.1800924532041392,,,1e-05,0.0,,193,warmup,warmup,1391.7469247324914
2.8653403156293074,,,1e-05,0.0,,194,warmup,warmup,1399.957099856862
0.8889758113009183,,,1e-05,0.0,,195,warmup,warmup,1400.7473778499402
1.9024057412787432,,,1e-05,0.0,,196,warmup,warmup,1404.3665254543905
1.0490922705651058,,,1e-05,0.0,,197,warmup,warmup,1405.46712004655
1.6931673087962302,,,1e-05,0.0,,198,warmup,warmup,1408.3339355821263
2.7300377717970745,,,1e-05,0.0,,199,warmup,warmup,1415.787041817565
0.7848596912501297,,,1e-05,0.0,,200,warmup,warmup,1416.4030465525143
1.0874781125487831,,,1e-05,0.0,,201,warmup,warmup,1417.585655197787
0.42415175715146214,,,1e-05,0.0,,202,warmup,warmup,1417.7655599108816
0.23318464802997863,,,1e-05,0.0,,203,warmup,warmup,1417.8199349909585
2.7292301957853056,,,1e-05,0.0,,204,warmup,warmup,1425.2686324525448
0.0449253915532839,,,1e-05,0.0,,205,warmup,warmup,1425.270650743351
1.440061526326236,,,1e-05,0.0,,206,warmup,warmup,1427.3444279429561
1.300455650573821,,,1e-05,0.0,,207,warmup,warmup,1429.0356128420656
0.9475439649303166,,,1e-05,0.0,,208,warmup,warmup,1429.9334524075414
0.9674980610960948,,,1e-05,0.0,,209,warmup,warmup,1430.869504905766
1.6276601900285879,,,1e-05,0.0,,210,warmup,warmup,1433.5187825999699
0.3025427624207464,,,1e-05,0.0,,211,warmup,warmup,1433.610314723063
1.2359049392868715,,,1e-05,0.0,,212,warmup,warmup,1435.1377757420169
0.7842432469931842,,,1e-05,0.0,,213,warmup,warmup,1435.7528132124712
0.4562186185778594,,,1e-05,0.0,,214,warmup,warmup,1435.9609486404083
0.1015300201463395,,,1e-05,0.0,,215,warmup,warmup,1435.9712569853994
0.2959551975121322,,,1e-05,0.0,,216,warmup,warmup,1436.0588464643338
1.572217568350001,,,1e-05,0.0,,217,warmup,warmup,1438.5307145465622
0.30841875594833557,,,1e-05,0.0,,218,warmup,warmup,1438.6258366755828
1.4918659679263353,,,1e-05,0.0,,219,warmup,warmup,1440.8515007418396
0.01923904408196586,,,1e-05,0.0,,220,warmup,warmup,1440.8518708826568
0.37376007746566753,,,1e-05,0.0,,221,warmup,warmup,1440.991567478164
2.1842034073236993,,,1e-05,0.0,,222,warmup,warmup,1445.7623120027283
0.6088120950210256,,,1e-05,0.0,,223,warmup,warmup,1446.1329641697723
0.17355553716519623,,,1e-05,0.0,,224,warmup,warmup,1446.163085694253
0.22752898139360056,,,1e-05,0.0,,225,warmup,warmup,1446.214855131627
0.6568135985291055,,,1e-05,0.0,,226,warmup,warmup,1446.6462592348398
0.7140876291494234,,,1e-05,0.0,,227,warmup,warmup,1447.1561803769441
0.4132012312513728,,,1e-05,0.0,,228,warmup,warmup,1447.3269156344518
0.5025396968478744,,,1e-05,0.0,,229,warmup,warmup,1447.5794617813597
0.03981502900694345,,,1e-05,0.0,,230,warmup,warmup,1447.5810470178944
0.12147145907258228,,,1e-05,0.0,,231,warmup,warmup,1447.5958023332637
0.39196494722530684,,,1e-05,0.0,,232,warmup,warmup,1447.749438853117
0.1824109451017636,,,1e-05,0.0,,233,warmup,warmup,1447.78271260601
0.2191766668067041,,,1e-05,0.0,,234,warmup,warmup,1447.8307510172824
0.14195561494378506,,,1e-05,0.0,,235,warmup,warmup,1447.8509024138964
0.5608341444621694,,,1e-05,0.0,,236,warmup,warmup,1448.165437351491
0.4346109220480292,,,1e-05,0.0,,237,warmup,warmup,1448.3543240050544
0.24394107502991957,,,1e-05,0.0,,238,warmup,warmup,1448.413831253141
1.4385814418385334,,,1e-05,0.0,,239,warmup,warmup,1450.4833478179432
0.28961107276916653,,,1e-05,0.0,,240,warmup,warmup,1450.5672223914137
1.305415057555099,,,1e-05,0.0,,241,warmup,warmup,1452.2713308639052
0.8834155723975812,,,1e-05,0.0,,242,warmup,warmup,1453.0517539374598
0.035589001229457295,,,1e-05,0.0,,243,warmup,warmup,1453.0530205144682
0.21438492061151315,,,1e-05,0.0,,244,warmup,warmup,1453.0989814086538
1.0071906618464002,,,1e-05,0.0,,245,warmup,warmup,1454.1134144379644
0.5069194135013039,,,1e-05,0.0,,246,warmup,warmup,1454.370381729749
0.5239864191645075,,,1e-05,0.0,,247,warmup,warmup,1454.6449434972178
0.6353446637832905,,,1e-05,0.0,,248,warmup,warmup,1455.0486063390158
0.5912875247629508,,,1e-05,0.0,,249,warmup,warmup,1455.398227275956
0.2951434635385106,,,1e-05,0.0,,250,warmup,warmup,1455.4853369400255
0.14396069654915528,,,1e-05,0.0,,251,warmup,warmup,1455.5060616221765
0.10456271717676113,,,1e-05,0.0,,252,warmup,warmup,1455.516994984
0.2970378466862642,,,1e-05,0.0,,253,warmup,warmup,1455.605226466364
0.43988391236469226,,,1e-05,0.0,,254,warmup,warmup,1455.7987243227212
0.8188923851473975,,,1e-05,0.0,,255,warmup,warmup,1456.4693090611736
0.0613219058283212,,,1e-05,0.0,,256,warmup,warmup,1456.473069437308
1.2661867900036299,,,1e-05,0.0,,257,warmup,warmup,1458.0762984244875
0.4960681439043525,,,1e-05,0.0,,258,warmup,warmup,1458.3223820278843
0.47136348691264895,,,1e-05,0.0,,259,warmup,warmup,1458.5445655646788
0.0195826255171605,,,1e-05,0.0,,260,warmup,warmup,1458.544949043901
0.37147334231655815,,,1e-05,0.0,,261,warmup,warmup,1458.6829414879528
0.6030535922284566,,,1e-05,0.0,,262,warmup,warmup,1459.0466151230526
0.205989671981488,,,1e-05,0.0,,263,warmup,warmup,1459.0890468680157
0.5333911120160892,,,1e-05,0.0,,264,warmup,warmup,1459.3735529463934
0.2556210271394397,,,1e-05,0.0,,265,warmup,warmup,1459.4388950559091
0.675100274767487,,,1e-05,0.0,,266,warmup,warmup,1459.8946554369002
0.4861883739838433,,,1e-05,0.0,,267,warmup,warmup,1460.1310345718973
0.14033004280710948,,,1e-05,0.0,,268,warmup,warmup,1460.1507270928116
0.23888087070203312,,,1e-05,0.0,,269,warmup,warmup,1460.207791163199
0.8096046627707221,,,1e-05,0.0,,270,warmup,warmup,1460.8632508731791
0.16369939547998769,,,1e-05,0.0,,271,warmup,warmup,1460.8900483652596
0.1371644315368088,,,1e-05,0.0,,272,warmup,warmup,1460.9088624465385
0.04603744108245156,,,1e-05,0.0,,273,warmup,warmup,1460.9109818925199
0.05103326934974639,,,1e-05,0.0,,274,warmup,warmup,1460.9135862871003
0.08143599048153383,,,1e-05,0.0,,275,warmup,warmup,1460.920218107646
0.3171324739166245,,,1e-05,0.0,,276,warmup,warmup,1461.0207911136583
0.6130943887633986,,,1e-05,0.0,,277,warmup,warmup,1461.3966758431916
0.10428008282928536,,,1e-05,0.0,,278,warmup,warmup,1461.4075501788664
0.2918740551862955,,,1e-05,0.0,,279,warmup,warmup,1461.4927406429572
0.08123583699990533,,,1e-05,0.0,,280,warmup,warmup,1461.4993399041703
0.14786235975371587,,,1e-05,0.0,,281,warmup,warmup,1461.5212031816022
0.36205194026945353,,,1e-05,0.0,,282,warmup,warmup,1461.652284789055
0.9037432338348452,,,1e-05,0.0,,283,warmup,warmup,1462.4690366217574
0.4829863230444489,,,1e-05,0.0,,284,warmup,warmup,1462.7023124100053
0.19962095488666431,,,1e-05,0.0,,285,warmup,warmup,1462.7421609356352
0.6188021151096499,,,1e-05,0.0,,286,warmup,warmup,1463.1250769932994
0.4396842624248247,,,1e-05,0.0,,287,warmup,warmup,1463.3183992439235
0.26787694331860523,,,1e-05,0.0,,288,warmup,warmup,1463.3901573006851
0.2018682802504499,,,1e-05,0.0,,289,warmup,warmup,1463.4309081032563
0.04255934082391999,,,1e-05,0.0,,290,warmup,warmup,1463.4327194007476
0.11604425891426617,,,1e-05,0.0,,291,warmup,warmup,1463.4461856707746
0.1727816480643023,,,1e-05,0.0,,292,warmup,warmup,1463.4760391686825
0.5730711733365239,,,1e-05,0.0,,293,warmup,warmup,1463.804449738392
0.6666735600444298,,,1e-05,0.0,,294,warmup,warmup,1464.2489033740542
0.7260671972723882,,,1e-05,0.0,,295,warmup,warmup,1464.7760769490092
0.2625828369991243,,,1e-05,0.0,,296,warmup,warmup,1464.8450266952957
0.27970454399918454,,,1e-05,0.0,,297,warmup,warmup,1464.9232613272295
0.2574760500423002,,,1e-05,0.0,,298,warmup,warmup,1464.9895552435748
0.8272743406225933,,,1e-05,0.0,,299,warmup,warmup,1465.6739380782274
0.3536369548182292,,,1e-05,0.0,,300,warmup,warmup,1465.7989971740406
1.0383173173601437,,,1e-05,0.0,,301,warmup,warmup,1466.8771000255706
0.02118630943926325,,,1e-05,0.0,,302,warmup,warmup,1466.8775488852782
0.26605017826049426,,,1e-05,0.0,,303,warmup,warmup,1466.9483315826305
0.5441495632386202,,,1e-05,0.0,,304,warmup,warmup,1467.2444303298034
1.0004130024670843,,,1e-05,0.0,,305,warmup,warmup,1468.2452565053086
0.2822747859339766,,,1e-05,0.0,,306,warmup,warmup,1468.3249355600826
0.277119768554834,,,1e-05,0.0,,307,warmup,warmup,1468.4017309262065
0.04796639998180252,,,1e-05,0.0,,308,warmup,warmup,1468.4040317017336
0.9281002637525756,,,1e-05,0.0,,309,warmup,warmup,1469.2654018013113
0.010085608860782358,,,1e-05,0.0,,310,warmup,warmup,1469.2655035208174
0.2259590398640563,,,1e-05,0.0,,311,warmup,warmup,1469.3165610085136
0.10703923027285844,,,1e-05,0.0,,312,warmup,warmup,1469.328018405331
0.16957780962362534,,,1e-05,0.0,,313,warmup,warmup,1469.3567750388477
0.19054920765894562,,,1e-05,0.0,,314,warmup,warmup,1469.393084039387
0.0939834721411783,,,1e-05,0.0,,315,warmup,warmup,1469.4019169324229
0.043864311807679246,,,1e-05,0.0,,316,warmup,warmup,1469.4038410102733
0.01710229801478924,,,1e-05,0.0,,317,warmup,warmup,1469.4041334988706
0.0029405285650150326,,,1e-05,0.0,,318,warmup,warmup,1469.4041421455788
0.20739780891420212,,,1e-05,0.0,,319,warmup,warmup,1469.4471559967212
0.051343565501150046,,,1e-05,0.0,,320,warmup,warmup,1469.4497921584395
0.05921474504436086,,,1e-05,0.0,,321,warmup,warmup,1469.4532985444703
0.04038419916829028,,,1e-05,0.0,,322,warmup,warmup,1469.4549294280127
0.16256580930080378,,,1e-05,0.0,,323,warmup,warmup,1469.4813570703664
0.25893848217759974,,,1e-05,0.0,,324,warmup,warmup,1469.5484062079188
0.12335338642748628,,,1e-05,0.0,,325,warmup,warmup,1469.563622265862
0.13492779928058463,,,1e-05,0.0,,326,warmup,warmup,1469.5818277768808
0.6587061786586776,,,1e-05,0.0,,327,warmup,warmup,1470.0157216066839
0.9592516535934013,,,1e-05,0.0,,328,warmup,warmup,1470.9358853416056
0.1860136331496527,,,1e-05,0.0,,329,warmup,warmup,1470.9704864133232
0.12566907497987057,,,1e-05,0.0,,330,warmup,warmup,1470.9862791297296
0.005577933178199129,,,1e-05,0.0,,331,warmup,warmup,1470.9863102430681
0.021025487710955526,,,1e-05,0.0,,332,warmup,warmup,1470.9867523142016
0.017749122779273874,,,1e-05,0.0,,333,warmup,warmup,1470.987067345561
0.03210535649772339,,,1e-05,0.0,,334,warmup,warmup,1470.9880980994767
0.5988258010267238,,,1e-05,0.0,,335,warmup,warmup,1471.346690439452
0.024066480043366756,,,1e-05,0.0,,336,warmup,warmup,1471.3472696349136
0.27598152614625704,,,1e-05,0.0,,337,warmup,warmup,1471.4234354376877
0.028701871508662435,,,1e-05,0.0,,338,warmup,warmup,1471.4242592351159
0.00941393999137996,,,1e-05,0.0,,339,warmup,warmup,1471.424347857382
0.07207248017787848,,,1e-05,0.0,,340,warmup,warmup,1471.429542299781
0.1797789496235911,,,1e-05,0.0,,341,warmup,warmup,1471.4618627705086
0.050798072306539765,,,1e-05,0.0,,342,warmup,warmup,1471.4644432146586
0.5206975272076608,,,1e-05,0.0,,343,warmup,warmup,1471.7355691294988
0.16857874167019293,,,1e-05,0.0,,344,warmup,warmup,1471.763987921642
0.050297168418006466,,,1e-05,0.0,,345,warmup,warmup,1471.766517726793
0.16053573836830015,,,1e-05,0.0,,346,warmup,warmup,1471.7922894500864
0.007364437408079461,,,1e-05,0.0,,347,warmup,warmup,1471.7923436850247
0.08017816121436416,,,1e-05,0.0,,348,warmup,warmup,1471.7987722225603
0.0011042442311408607,,,1e-05,0.0,,349,warmup,warmup,1471.7987734419155
0.1146119091164759,,,1e-05,0.0,,350,warmup,warmup,1471.8119093316268
0.001887234194270171,,,1e-05,0.0,,351,warmup,warmup,1471.8119128932797
0.03862580757469214,,,1e-05,0.0,,352,warmup,warmup,1471.8134048462905
0.09990053338153793,,,1e-05,0.0,,353,warmup,warmup,1471.8233849628605
0.5354089779369327,,,1e-05,0.0,,354,warmup,warmup,1472.110047736516
0.3280124227189657,,,1e-05,0.0,,355,warmup,warmup,1472.217639885974
0.1438022394472398,,,1e-05,0.0,,356,warmup,warmup,1472.238318970044
0.2766728121305162,,,1e-05,0.0,,357,warmup,warmup,1472.3148668150163
0.11136583395919208,,,1e-05,0.0,,358,warmup,warmup,1472.3272691639897
0.23841759930740247,,,1e-05,0.0,,359,warmup,warmup,1472.3841121156493
0.07940606418431684,,,1e-05,0.0,,360,warmup,warmup,1472.3904174386785
0.29997075819073704,,,1e-05,0.0,,361,warmup,warmup,1472.480399894448
0.2931372603338578,,,1e-05,0.0,,362,warmup,warmup,1472.5663293478442
0.24524540598731903,,,1e-05,0.0,,363,warmup,warmup,1472.626474657002
0.03516235427398229,,,1e-05,0.0,,364,warmup,warmup,1472.62771104816
0.1551806024655802,,,1e-05,0.0,,365,warmup,warmup,1472.6517920675417
0.23115305344702985,,,1e-05,0.0,,366,warmup,warmup,1472.7052238016595
0.08258946024655156,,,1e-05,0.0,,367,warmup,warmup,1472.7120448206033
0.019951563434619235,,,1e-05,0.0,,368,warmup,warmup,1472.7124428854868
0.10435223304133112,,,1e-05,0.0,,369,warmup,warmup,1472.7233322740276
0.20400421577052263,,,1e-05,0.0,,370,warmup,warmup,1472.7649499940796
0.013531288724517587,,,1e-05,0.0,,371,warmup,warmup,1472.765133089854
0.16858876612266593,,,1e-05,0.0,,372,warmup,warmup,1472.793555261917
0.08760300548528566,,,1e-05,0.0,,373,warmup,warmup,1472.801229548487
0.07021655201985855,,,1e-05,0.0,,374,warmup,warmup,1472.8061599126647
0.05688849891492609,,,1e-05,0.0,,375,warmup,warmup,1472.8093962139735
0.19068940807267865,,,1e-05,0.0,,376,warmup,warmup,1472.8457586643246
0.3177338085137926,,,1e-05,0.0,,377,warmup,warmup,1472.9467134373974
0.30831751535264873,,,1e-05,0.0,,378,warmup,warmup,1473.0417731276707
0.20996347552467487,,,1e-05,0.0,,379,warmup,warmup,1473.0858577887252
0.12981846151567045,,,1e-05,0.0,,380,warmup,warmup,1473.1027106216754
0.0027235939293631523,,,1e-05,0.0,,381,warmup,warmup,1473.1027180396393
0.45346406215804125,,,1e-05,0.0,,382,warmup,warmup,1473.3083476953082
0.16662382655269425,,,1e-05,0.0,,383,warmup,warmup,1473.3361111948832
0.09236899982318358,,,1e-05,0.0,,384,warmup,warmup,1473.3446432270116
0.033235266360048143,,,1e-05,0.0,,385,warmup,warmup,1473.3457478099417
0.24335565934957604,,,1e-05,0.0,,386,warmup,warmup,1473.4049697868793
0.11224518445550191,,,1e-05,0.0,,387,warmup,warmup,1473.4175687683128
0.029712925984324956,,,1e-05,0.0,,388,warmup,warmup,1473.4184516262833
0.11277470613368656,,,1e-05,0.0,,389,warmup,warmup,1473.4311697606267
0.0706184293965455,,,1e-05,0.0,,390,warmup,warmup,1473.4361567231972
0.17269364905137574,,,1e-05,0.0,,391,warmup,warmup,1473.4659798196199
0.12267326374185039,,,1e-05,0.0,,392,warmup,warmup,1473.481028549257
0.25214994636312316,,,1e-05,0.0,,393,warmup,warmup,1473.5446081447078
0.335196548071536,,,1e-05,0.0,,394,warmup,warmup,1473.656964870547
0.035178283969330426,,,1e-05,0.0,,395,warmup,warmup,1473.65820238221
0.08256148655999951,,,1e-05,0.0,,396,warmup,warmup,1473.665018781273
0.3745966920578967,,,1e-05,0.0,,397,warmup,warmup,1473.8053414629737
0.06571195373525374,,,1e-05,0.0,,398,warmup,warmup,1473.8096595238374
0.1263345434575558,,,1e-05,0.0,,399,warmup,warmup,1473.825619940708
0.14101306367950328,,,1e-05,0.0,,400,warmup,warmup,1473.8455046248364
0.14585453686721994,,,1e-05,0.0,,401,warmup,warmup,1473.866778170761
0.25028513356881876,,,1e-05,0.0,,402,warmup,warmup,1473.9294208188467
0.05280091918120888,,,1e-05,0.0,,403,warmup,warmup,1473.932208755913
0.013609894369089659,,,1e-05,0.0,,404,warmup,warmup,1473.9323939851379
0.07099120572398698,,,1e-05,0.0,,405,warmup,warmup,1473.937433736428
0.12654397030481412,,,1e-05,0.0,,406,warmup,warmup,1473.9534471128484
0.17836669623898693,,,1e-05,0.0,,407,warmup,warmup,1473.9852617911756
0.17820212300968308,,,1e-05,0.0,,408,warmup,warmup,1474.0170177878208
0.13248557852325415,,,1e-05,0.0,,409,warmup,warmup,1474.0345702163374
0.03810377231077533,,,1e-05,0.0,,410,warmup,warmup,1474.0360221138017
0.22104814531665462,,,1e-05,0.0,,411,warmup,warmup,1474.0848843963497
0.24350220338592043,,,1e-05,0.0,,412,warmup,warmup,1474.1441777194036
0.33453376273340396,,,1e-05,0.0,,413,warmup,warmup,1474.2560905578123
0.47724234990416914,,,1e-05,0.0,,414,warmup,warmup,1474.4838508183543
0.099939650341767,,,1e-05,0.0,,415,warmup,warmup,1474.4938387520647
0.04161823870644854,,,1e-05,0.0,,416,warmup,warmup,1474.4955708298578
0.3372926541482135,,,1e-05,0.0,,417,warmup,warmup,1474.6093371644001
0.16718362228843375,,,1e-05,0.0,,418,warmup,warmup,1474.6372875279617
0.10852858084672246,,,1e-05,0.0,,419,warmup,warmup,1474.6490659808223
0.11983160394273473,,,1e-05,0.0,,420,warmup,warmup,1474.6634255941258
0.14819116071159488,,,1e-05,0.0,,421,warmup,warmup,1474.6853862142389
0.2504082094082607,,,1e-05,0.0,,422,warmup,warmup,1474.748090485578
0.08274649023463532,,,1e-05,0.0,,423,warmup,warmup,1474.754937467224
0.028334282788434084,,,1e-05,0.0,,424,warmup,warmup,1474.755740298805
0.09021425287462215,,,1e-05,0.0,,425,warmup,warmup,1474.7638789102268
0.12051785394146997,,,1e-05,0.0,,426,warmup,warmup,1474.7784034633455
0.17284208968583314,,,1e-05,0.0,,427,warmup,warmup,1474.8082778513124
0.19062642628414783,,,1e-05,0.0,,428,warmup,warmup,1474.8446162857103
0.11216070734544992,,,1e-05,0.0,,429,warmup,warmup,1474.8571963099826
0.6246921117341908,,,1e-05,0.0,,430,warmup,warmup,1475.2474365444455
0.36270276420917025,,,1e-05,0.0,,431,warmup,warmup,1475.3789898396105
0.0458323982058233,,,1e-05,0.0,,432,warmup,warmup,1475.3810904483357
0.23609513531496507,,,1e-05,0.0,,433,warmup,warmup,1475.4368313612551
0.16838764740089296,,,1e-05,0.0,,434,warmup,warmup,1475.4651857610525
0.010126480203586308,,,1e-05,0.0,,435,warmup,warmup,1475.4652883066537
0.42837273936976683,,,1e-05,0.0,,436,warmup,warmup,1475.648791510489
0.04536279700305923,,,1e-05,0.0,,437,warmup,warmup,1475.650849293841
0.05232621121690029,,,1e-05,0.0,,438,warmup,warmup,1475.6535873262214
0.28046225297538196,,,1e-05,0.0,,439,warmup,warmup,1475.7322464015654
0.04781167218643356,,,1e-05,0.0,,440,warmup,warmup,1475.7345323575626
0.04295255201789683,,,1e-05,0.0,,441,warmup,warmup,1475.7363772792874
0.013543923434889749,,,1e-05,0.0,,442,warmup,warmup,1475.7365607171494
0.05724622733706752,,,1e-05,0.0,,443,warmup,warmup,1475.7398378476937
0.48494227503975296,,,1e-05,0.0,,444,warmup,warmup,1475.9750068578144
0.03666559424522742,,,1e-05,0.0,,445,warmup,warmup,1475.9763512236157
0.3203308311250517,,,1e-05,0.0,,446,warmup,warmup,1476.078963064985
0.3110311921892466,,,1e-05,0.0,,447,warmup,warmup,1476.1757034674995
0.19998239809901364,,,1e-05,0.0,,448,warmup,warmup,1476.215696427049
0.32401424753687813,,,1e-05,0.0,,449,warmup,warmup,1476.3206816596557
0.05861924525242945,,,1e-05,0.0,,450,warmup,warmup,1476.3241178755698
0.12483255694908801,,,1e-05,0.0,,451,warmup,warmup,1476.3397010428441
0.22287446263757982,,,1e-05,0.0,,452,warmup,warmup,1476.38937406894
0.13297485462093928,,,1e-05,0.0,,453,warmup,warmup,1476.4070563809014
0.35810052576410234,,,1e-05,0.0,,454,warmup,warmup,1476.5352923674538
0.5067449826250252,,,1e-05,0.0,,455,warmup,warmup,1476.7920828448696
0.3327682508584844,,,1e-05,0.0,,456,warmup,warmup,1476.902817553649
0.01680697788164487,,,1e-05,0.0,,457,warmup,warmup,1476.9031000281543
0.14958720651492863,,,1e-05,0.0,,458,warmup,warmup,1476.9254763605072
0.06293549226340378,,,1e-05,0.0,,459,warmup,warmup,1476.9294372366937
0.049763865283024344,,,1e-05,0.0,,460,warmup,warmup,1476.9319136789816
0.1966649000856764,,,1e-05,0.0,,461,warmup,warmup,1476.9705907619073
0.4160977703579385,,,1e-05,0.0,,462,warmup,warmup,1477.1437281164042
0.026201046300835973,,,1e-05,0.0,,463,warmup,warmup,1477.1444146112315
0.1604335927315068,,,1e-05,0.0,,464,warmup,warmup,1477.1701535489083
0.3605610597418949,,,1e-05,0.0,,465,warmup,warmup,1477.3001578267106
0.016208103543112085,,,1e-05,0.0,,466,warmup,warmup,1477.300420529331
0.003769362612181748,,,1e-05,0.0,,467,warmup,warmup,1477.3004347374253
0.20719972606237658,,,1e-05,0.0,,468,warmup,warmup,1477.3433664639056
0.03775424286994511,,,1e-05,0.0,,469,warmup,warmup,1477.3447918467602
0.4026349752644709,,,1e-05,0.0,,470,warmup,warmup,1477.5069067700665
0.022958014933061932,,,1e-05,0.0,,471,warmup,warmup,1477.5074338405161
0.2233805847361685,,,1e-05,0.0,,472,warmup,warmup,1477.5573327261532
0.24182621277237004,,,1e-05,0.0,,473,warmup,warmup,1477.615812643337
0.07661081644491397,,,1e-05,0.0,,474,warmup,warmup,1477.6216818605333
0.1593656100658034,,,1e-05,0.0,,475,warmup,warmup,1477.647079258205
0.10128088712521732,,,1e-05,0.0,,476,warmup,warmup,1477.6573370763017
0.15677858895734786,,,1e-05,0.0,,477,warmup,warmup,1477.6819166022572
0.07489712325907294,,,1e-05,0.0,,478,warmup,warmup,1477.6875261813298
0.18990441491995558,,,1e-05,0.0,,479,warmup,warmup,1477.7235898681358
0.02109979493300429,,,1e-05,0.0,,480,warmup,warmup,1477.724035069482
0.16046412357963735,,,1e-05,0.0,,481,warmup,warmup,1477.749783804438
0.15488372795249816,,,1e-05,0.0,,482,warmup,warmup,1477.7737727736226
0.09021660477662741,,,1e-05,0.0,,483,warmup,warmup,1477.7819118094
0.17422976439429624,,,1e-05,0.0,,484,warmup,warmup,1477.812267820201
0.0720534063299374,,,1e-05,0.0,,485,warmup,warmup,1477.8174595135647
0.023946276552559986,,,1e-05,0.0,,486,warmup,warmup,1477.8180329377253
0.12790118647026105,,,1e-05,0.0,,487,warmup,warmup,1477.8343916512258
0.16100543692882718,,,1e-05,0.0,,488,warmup,warmup,1477.8603144019464
0.05245780683478374,,,1e-05,0.0,,489,warmup,warmup,1477.8630662234443
0.3413826202435999,,,1e-05,0.0,,490,warmup,warmup,1477.9796083168487
0.11687143559840196,,,1e-05,0.0,,491,warmup,warmup,1477.9932672493076
0.12365212898260869,,,1e-05,0.0,,492,warmup,warmup,1478.0085570983094
0.10957232740993206,,,1e-05,0.0,,493,warmup,warmup,1478.0205631932436
0.04217812396305476,,,1e-05,0.0,,494,warmup,warmup,1478.0223421873845
0.2775020759280582,,,1e-05,0.0,,495,warmup,warmup,1478.0993495895289
0.05478355449984451,,,1e-05,0.0,,496,warmup,warmup,1478.1023508273724
0.028737427888621436,,,1e-05,0.0,,497,warmup,warmup,1478.103176667134
0.048260935966282004,,,1e-05,0.0,,498,warmup,warmup,1478.1055057850742
0.07436340892376592,,,1e-05,0.0,,499,warmup,warmup,1478.111035701661
0.5783229716363572,,,1e-05,0.0,,500,warmup,warmup,1478.4454931611833
0.028060068614430556,,,1e-05,0.0,,501,warmup,warmup,1478.446280528634
0.05586228334694998,,,1e-05,0.0,,502,warmup,warmup,1478.4494011233346
0.15505160723993594,,,1e-05,0.0,,503,warmup,warmup,1478.4734421242424
0.1920737890190365,,,1e-05,0.0,,504,warmup,warmup,1478.5103344646704
0.041978152894744714,,,1e-05,0.0,,505,warmup,warmup,1478.512096629991
0.22330848383802238,,,1e-05,0.0,,506,warmup,warmup,1478.561963308945
0.25499914973453097,,,1e-05,0.0,,507,warmup,warmup,1478.6269878753103
0.07043552954197052,,,1e-05,0.0,,508,warmup,warmup,1478.6319490391322
0.10029693020611652,,,1e-05,0.0,,509,warmup,warmup,1478.642008513341
0.27660355867813813,,,1e-05,0.0,,510,warmup,warmup,1478.7185180420142
0.17180691362466238,,,1e-05,0.0,,511,warmup,warmup,1478.7480356575834
0.3769537391590596,,,1e-05,0.0,,512,warmup,warmup,1478.8901297790494
0.07116029800450452,,,1e-05,0.0,,513,warmup,warmup,1478.8951935670616
0.01829029895532197,,,1e-05,0.0,,514,warmup,warmup,1478.8955281020974
0.10616475945058901,,,1e-05,0.0,,515,warmup,warmup,1478.9067990582466
0.08061952727610677,,,1e-05,0.0,,516,warmup,warmup,1478.9132985664248
0.021939420535026954,,,1e-05,0.0,,517,warmup,warmup,1478.9137799045982
0.28218575927851575,,,1e-05,0.0,,518,warmup,warmup,1478.9934087073377
0.023720738660081953,,,1e-05,0.0,,519,warmup,warmup,1478.9939713807803
0.3448494473175714,,,1e-05,0.0,,520,warmup,warmup,1479.1128925220955
0.21376177765372883,,,1e-05,0.0,,521,warmup,warmup,1479.1585866196813
0.014548620811713153,,,1e-05,0.0,,522,warmup,warmup,1479.1587982820488
0.2207238886036027,,,1e-05,0.0,,523,warmup,warmup,1479.207517317049
0.21188532701440543,,,1e-05,0.0,,524,warmup,warmup,1479.252412708853
0.014041024773343569,,,1e-05,0.0,,525,warmup,warmup,1479.2526098592296
0.03570283888126369,,,1e-05,0.0,,526,warmup,warmup,1479.2538845519337
0.19757306163733368,,,1e-05,0.0,,527,warmup,warmup,1479.2929196666184
0.07313843651650775,,,1e-05,0.0,,528,warmup,warmup,1479.2982688975146
0.2373494795088884,,,1e-05,0.0,,529,warmup,warmup,1479.3546036729379
0.022182787940140614,,,1e-05,0.0,,530,warmup,warmup,1479.3550957490186
0.17382233587806084,,,1e-05,0.0,,531,warmup,warmup,1479.3853099534688
0.050710966444037886,,,1e-05,0.0,,532,warmup,warmup,1479.3878815555865
0.2563357500747081,,,1e-05,0.0,,533,warmup,warmup,1479.453589572353
0.22880676171105252,,,1e-05,0.0,,534,warmup,warmup,1479.5059421065575
0.19771084751588575,,,1e-05,0.0,,535,warmup,warmup,1479.545031685783
0.08109762930331677,,,1e-05,0.0,,536,warmup,warmup,1479.5516085112615
0.052800611933249364,,,1e-05,0.0,,537,warmup,warmup,1479.5543964158821
0.14486983102570505,,,1e-05,0.0,,538,warmup,warmup,1479.5753836838235
0.24142170732506574,,,1e-05,0.0,,539,warmup,warmup,1479.6336681245912
0.021814885104724624,,,1e-05,0.0,,540,warmup,warmup,1479.6341440138033
0.15810606586182985,,,1e-05,0.0,,541,warmup,warmup,1479.6591415418657
0.3416303309776896,,,1e-05,0.0,,542,warmup,warmup,1479.7758528249096
0.11410023003884615,,,1e-05,0.0,,543,warmup,warmup,1479.7888716874045
0.2810645949278374,,,1e-05,0.0,,544,warmup,warmup,1479.8678689939263
0.13610608121903844,,,1e-05,0.0,,545,warmup,warmup,1479.886393859271
0.41580064304299924,,,1e-05,0.0,,546,warmup,warmup,1480.059284034026
0.06717467891572948,,,1e-05,0.0,,547,warmup,warmup,1480.0637964715133
0.15515345970830285,,,1e-05,0.0,,548,warmup,warmup,1480.087869067573
0.2140092553542589,,,1e-05,0.0,,549,warmup,warmup,1480.1336690289502
0.14017349251081557,,,1e-05,0.0,,550,warmup,warmup,1480.1533176369528
0.1644383739488262,,,1e-05,0.0,,551,warmup,warmup,1480.1803576157797
0.1729100981503131,,,1e-05,0.0,,552,warmup,warmup,1480.2102555178221
0.2038717746975971,,,1e-05,0.0,,553,warmup,warmup,1480.2518192183404
0.05618022534158884,,,1e-05,0.0,,554,warmup,warmup,1480.2549754360598
0.1118860516253859,,,1e-05,0.0,,555,warmup,warmup,1480.267493924608
0.05842566008960137,,,1e-05,0.0,,556,warmup,warmup,1480.270907482365
0.3540725503072255,,,1e-05,0.0,,557,warmup,warmup,1480.396274853246
0.042339786495744325,,,1e-05,0.0,,558,warmup,warmup,1480.3980675107666
0.1455712399160105,,,1e-05,0.0,,559,warmup,warmup,1480.4192584966572
0.1062917025261445,,,1e-05,0.0,,560,warmup,warmup,1480.4305564226831
0.04408422334060225,,,1e-05,0.0,,561,warmup,warmup,1480.4324998414306
0.3511808690174776,,,1e-05,0.0,,562,warmup,warmup,1480.5558278441945
0.24263549356115233,,,1e-05,0.0,,563,warmup,warmup,1480.61469982693
0.08156370070772923,,,1e-05,0.0,,564,warmup,warmup,1480.6213524642033
0.04723330048929464,,,1e-05,0.0,,565,warmup,warmup,1480.6235834488784
0.0365378968206187,,,1e-05,0.0,,566,warmup,warmup,1480.6249184667824
0.031380192172316246,,,1e-05,0.0,,567,warmup,warmup,1480.6259031832433
0.11353673689800425,,,1e-05,0.0,,568,warmup,warmup,1480.6387937738687
0.2838259219836753,,,1e-05,0.0,,569,warmup,warmup,1480.7193509278586
0.37141153736413246,,,1e-05,0.0,,570,warmup,warmup,1480.8572974579458
0.1684604964350238,,,1e-05,0.0,,571,warmup,warmup,1480.885676396805
0.06965964795017277,,,1e-05,0.0,,572,warmup,warmup,1480.8905288633575
0.4487325089786083,,,1e-05,0.0,,573,warmup,warmup,1481.0918897279719
0.26224501349536644,,,1e-05,0.0,,574,warmup,warmup,1481.160662175075
0.057360752319433383,,,1e-05,0.0,,575,warmup,warmup,1481.1639524309817
0.03708891476217602,,,1e-05,0.0,,576,warmup,warmup,1481.1653280185799
0.01468218096599383,,,1e-05,0.0,,577,warmup,warmup,1481.1655435850178
0.13750086539325768,,,1e-05,0.0,,578,warmup,warmup,1481.1844500730017
0.3762219196314396,,,1e-05,0.0,,579,warmup,warmup,1481.325993005813
0.0028495615185453183,,,1e-05,0.0,,580,warmup,warmup,1481.3260011258137
0.29066027397303573,,,1e-05,0.0,,581,warmup,warmup,1481.4104845206798
0.3201990777462488,,,1e-05,0.0,,582,warmup,warmup,1481.5130119700693
0.17233682108571546,,,1e-05,0.0,,583,warmup,warmup,1481.5427119499714
0.1523820182726432,,,1e-05,0.0,,584,warmup,warmup,1481.5659322294641
0.3161663665494565,,,1e-05,0.0,,585,warmup,warmup,1481.6658934008012
0.14413400364426088,,,1e-05,0.0,,586,warmup,warmup,1481.6866680118078
0.18521709756013527,,,1e-05,0.0,,587,warmup,warmup,1481.7209733850364
0.2990882676473188,,,1e-05,0.0,,588,warmup,warmup,1481.8104271768807
0.11487207831403445,,,1e-05,0.0,,589,warmup,warmup,1481.8236227712569
0.10822577234629494,,,1e-05,0.0,,590,warmup,warmup,1481.8353355890567
0.01467159865074208,,,1e-05,0.0,,591,warmup,warmup,1481.8355508448637
0.16680292026242816,,,1e-05,0.0,,592,warmup,warmup,1481.863374059072
0.18973008610801312,,,1e-05,0.0,,593,warmup,warmup,1481.8993715646466
0.03075820311158095,,,1e-05,0.0,,594,warmup,warmup,1481.9003176317053
0.15415100626542988,,,1e-05,0.0,,595,warmup,warmup,1481.924080164438
0.02218473451266867,,,1e-05,0.0,,596,warmup,warmup,1481.9245723268834
0.10989056118338247,,,1e-05,0.0,,597,warmup,warmup,1481.9366482623207
0.1287696866866046,,,1e-05,0.0,,598,warmup,warmup,1481.95322989453
0.06923253767048276,,,1e-05,0.0,,599,warmup,warmup,1481.9580230388024
0.22086670279511011,,,1e-05,0.0,,600,warmup,warmup,1482.0068051392059
0.15940161762409333,,,1e-05,0.0,,601,warmup,warmup,1482.0322140149071
0.004291783847124364,,,1e-05,0.0,,602,warmup,warmup,1482.0322324343158
0.013421846603189014,,,1e-05,0.0,,603,warmup,warmup,1482.032412580282
0.14602626950689612,,,1e-05,0.0,,604,warmup,warmup,1482.0537362516682
0.20714624398037795,,,1e-05,0.0,,605,warmup,warmup,1482.0966458180633
0.06397224706785187,,,1e-05,0.0,,606,warmup,warmup,1482.1007382664582
0.004047411431912007,,,1e-05,0.0,,607,warmup,warmup,1482.1007546479975
0.1176072041923133,,,1e-05,0.0,,608,warmup,warmup,1482.1145861024754
0.15185048923835254,,,1e-05,0.0,,609,warmup,warmup,1482.1376446735574
0.04819518062409389,,,1e-05,0.0,,610,warmup,warmup,1482.1399674489928
0.11859425121993006,,,1e-05,0.0,,611,warmup,warmup,1482.1540320454153
0.08605811705541422,,,1e-05,0.0,,612,warmup,warmup,1482.1614380449264
0.03250484300012335,,,1e-05,0.0,,613,warmup,warmup,1482.162494609745
0.4404441815838953,,,1e-05,0.0,,614,warmup,warmup,1482.356485686836
0.15523790650684788,,,1e-05,0.0,,615,warmup,warmup,1482.3805844944527
0.12420198652684622,,,1e-05,0.0,,616,warmup,warmup,1482.3960106279098
0.0849156447133721,,,1e-05,0.0,,617,warmup,warmup,1482.403221294627
0.06211921133393705,,,1e-05,0.0,,618,warmup,warmup,1482.4070800910438
0.5650658014275018,,,1e-05,0.0,,619,warmup,warmup,1482.7263794509868
0.060301319881148174,,,1e-05,0.0,,620,warmup,warmup,1482.7300157001662
0.35884645247146585,,,1e-05,0.0,,621,warmup,warmup,1482.8587864766175
0.19193764509865785,,,1e-05,0.0,,622,warmup,warmup,1482.8956265362235
0.020473325352481808,,,1e-05,0.0,,623,warmup,warmup,1482.8960456932746
0.08933443159685339,,,1e-05,0.0,,624,warmup,warmup,1482.9040263339432
0.008085416257678446,,,1e-05,0.0,,625,warmup,warmup,1482.9040917078992
0.41746474188829613,,,1e-05,0.0,,626,warmup,warmup,1483.078368518619
0.5111217533394414,,,1e-05,0.0,,627,warmup,warmup,1483.339613965356
0.29535733780486584,,,1e-05,0.0,,628,warmup,warmup,1483.426849922351
0.03383144496900181,,,1e-05,0.0,,629,warmup,warmup,1483.4279944890197
0.06232882719273647,,,1e-05,0.0,,630,warmup,warmup,1483.4318793717189
0.2871460654548619,,,1e-05,0.0,,631,warmup,warmup,1483.514332234625
0.1471606359265425,,,1e-05,0.0,,632,warmup,warmup,1483.5359884873913
0.05179410230816117,,,1e-05,0.0,,633,warmup,warmup,1483.5386711164251
0.11887438769940584,,,1e-05,0.0,,634,warmup,warmup,1483.552802236476
0.11688562477527964,,,1e-05,0.0,,635,warmup,warmup,1483.5664644857552
0.11532044097843053,,,1e-05,0.0,,636,warmup,warmup,1483.5797632898627
0.10334391005090349,,,1e-05,0.0,,637,warmup,warmup,1483.5904432536074
0.05957314346564546,,,1e-05,0.0,,638,warmup,warmup,1483.5939922130299
0.10325052352299346,,,1e-05,0.0,,639,warmup,warmup,1483.6046528836378
0.17771575877928908,,,1e-05,0.0,,640,warmup,warmup,1483.6362357745563
0.21643602936190232,,,1e-05,0.0,,641,warmup,warmup,1483.6830803293624
0.218303877445579,,,1e-05,0.0,,642,warmup,warmup,1483.7307369122702
0.08622765082724726,,,1e-05,0.0,,643,warmup,warmup,1483.7381721200375
0.04587791469629421,,,1e-05,0.0,,644,warmup,warmup,1483.7402769030944
0.1543527306926527,,,1e-05,0.0,,645,warmup,warmup,1483.7641016685666
0.044937896695894874,,,1e-05,0.0,,646,warmup,warmup,1483.766121083126
0.5759743996578504,,,1e-05,0.0,,647,warmup,warmup,1484.0978675921874
0.09062740403224812,,,1e-05,0.0,,648,warmup,warmup,1484.106080918549
0.4010792197764683,,,1e-05,0.0,,649,warmup,warmup,1484.2669454590855
0.20564571207428983,,,1e-05,0.0,,650,warmup,warmup,1484.30923561798
0.22863947938924545,,,1e-05,0.0,,651,warmup,warmup,1484.3615116295155
0.31053174056294885,,,1e-05,0.0,,652,warmup,warmup,1484.4579415914125
0.07985442906703799,,,1e-05,0.0,,653,warmup,warmup,1484.464318321254
0.25456713737089165,,,1e-05,0.0,,654,warmup,warmup,1484.5291227486832
0.18971847812189035,,,1e-05,0.0,,655,warmup,warmup,1484.5651158496241
0.10210916841235784,,,1e-05,0.0,,656,warmup,warmup,1484.575542131898
0.3171644962400033,,,1e-05,0.0,,657,warmup,warmup,1484.6761354495732
0.03573033511065926,,,1e-05,0.0,,658,warmup,warmup,1484.6774121064202
0.11738155509889925,,,1e-05,0.0,,659,warmup,warmup,1484.6911905358977
0.09223909132159513,,,1e-05,0.0,,660,warmup,warmup,1484.6996985858655
0.0897689439567868,,,1e-05,0.0,,661,warmup,warmup,1484.7077570491647
0.48189720422954885,,,1e-05,0.0,,662,warmup,warmup,1484.939981964609
0.23906688032154833,,,1e-05,0.0,,663,warmup,warmup,1484.9971349378757
0.12210838701390214,,,1e-05,0.0,,664,warmup,warmup,1485.0120453960549
0.6674699529879493,,,1e-05,0.0,,665,warmup,warmup,1485.4575615341967
0.3345053013712569,,,1e-05,0.0,,666,warmup,warmup,1485.5694553308422
0.03381741791673143,,,1e-05,0.0,,667,warmup,warmup,1485.5705989485966
0.27183175097764034,,,1e-05,0.0,,668,warmup,warmup,1485.6444914494361
0.36919065191241973,,,1e-05,0.0,,669,warmup,warmup,1485.7807931868956
0.04198425833442965,,,1e-05,0.0,,670,warmup,warmup,1485.7825558648435
0.13902360859746715,,,1e-05,0.0,,671,warmup,warmup,1485.801883428591
0.11734508284323097,,,1e-05,0.0,,672,warmup,warmup,1485.8156532970586
0.3862940869508673,,,1e-05,0.0,,673,warmup,warmup,1485.9648764186718
0.009905734345323935,,,1e-05,0.0,,674,warmup,warmup,1485.9649745422448
0.16999119424967857,,,1e-05,0.0,,675,warmup,warmup,1485.9938715483672
0.08865737912474847,,,1e-05,0.0,,676,warmup,warmup,1486.0017316792405
0.25617406410550814,,,1e-05,0.0,,677,warmup,warmup,1486.0673568303607
0.00025455348573277803,,,1e-05,0.0,,678,warmup,warmup,1486.0673568951581
0.12579904641526285,,,1e-05,0.0,,679,warmup,warmup,1486.083182295237
0.04970945225961776,,,1e-05,0.0,,680,warmup,warmup,1486.085653324881
0.07932014788509445,,,1e-05,0.0,,681,warmup,warmup,1486.0919450107415
0.44508737097131446,,,1e-05,0.0,,682,warmup,warmup,1486.2900477785397
0.1266824112409739,,,1e-05,0.0,,683,warmup,warmup,1486.3060962118575
0.26200481783703733,,,1e-05,0.0,,684,warmup,warmup,1486.3747427364274
0.5235932599606964,,,1e-05,0.0,,685,warmup,warmup,1486.6488926383036
0.07139351142058736,,,1e-05,0.0,,686,warmup,warmup,1486.6539896717766
0.1658976462621229,,,1e-05,0.0,,687,warmup,warmup,1486.6815117008118
0.3558287170950454,,,1e-05,0.0,,688,warmup,warmup,1486.8081257767212
0.43401639970055683,,,1e-05,0.0,,689,warmup,warmup,1486.9964960119303
0.17009818718560155,,,1e-05,0.0,,690,warmup,warmup,1487.025429405214
0.38231122728439726,,,1e-05,0.0,,691,warmup,warmup,1487.1715912797217
0.1067557308174294,,,1e-05,0.0,,692,warmup,warmup,1487.182988065784
0.04422573273074537,,,1e-05,0.0,,693,warmup,warmup,1487.1849439812195
0.2885421578015902,,,1e-05,0.0,,694,warmup,warmup,1487.2682005580482
0.28712535928069016,,,1e-05,0.0,,695,warmup,warmup,1487.3506415299903
0.04805830085819496,,,1e-05,0.0,,696,warmup,warmup,1487.3529511302718
0.1894349694050237,,,1e-05,0.0,,697,warmup,warmup,1487.3888367379052
0.32661876690798897,,,1e-05,0.0,,698,warmup,warmup,1487.4955165568017
0.039168871205353284,,,1e-05,0.0,,699,warmup,warmup,1487.4970507572732
0.05266410001231714,,,1e-05,0.0,,700,warmup,warmup,1487.4998242647034
0.2179321681118358,,,1e-05,0.0,,701,warmup,warmup,1487.5473186946012
0.34888745685084643,,,1e-05,0.0,,702,warmup,warmup,1487.669041152149
0.03080260374931676,,,1e-05,0.0,,703,warmup,warmup,1487.6699899525468
0.07472678100095043,,,1e-05,0.0,,704,warmup,warmup,1487.6755740443455
0.26129248544928885,,,1e-05,0.0,,705,warmup,warmup,1487.7438478072977
0.015572556471528332,,,1e-05,0.0,,706,warmup,warmup,1487.7440903118127
0.01049068322580915,,,1e-05,0.0,,707,warmup,warmup,1487.7442003662472
0.0914748403090937,,,1e-05,0.0,,708,warmup,warmup,1487.7525680126569
0.06913090167809632,,,1e-05,0.0,,709,warmup,warmup,1487.7573470942236
0.21619926500609488,,,1e-05,0.0,,710,warmup,warmup,1487.8040892164129
0.19008392445961242,,,1e-05,0.0,,711,warmup,warmup,1487.8402211147509
0.3738987144835697,,,1e-05,0.0,,712,warmup,warmup,1487.9800213634433
0.0069004957291469715,,,1e-05,0.0,,713,warmup,warmup,1487.9800689802846
0.05105570573740259,,,1e-05,0.0,,714,warmup,warmup,1487.9826756653729
0.0677481454454405,,,1e-05,0.0,,715,warmup,warmup,1487.987265476584
0.33386030315740634,,,1e-05,0.0,,716,warmup,warmup,1488.0987281786083
0.06099460655859623,,,1e-05,0.0,,717,warmup,warmup,1488.1024485206376
0.33095805940186684,,,1e-05,0.0,,718,warmup,warmup,1488.2119817577207
0.19143382279623422,,,1e-05,0.0,,719,warmup,warmup,1488.248628666231
0.13922206860089203,,,1e-05,0.0,,720,warmup,warmup,1488.2680114506165
0.35720021839008886,,,1e-05,0.0,,721,warmup,warmup,1488.3956034466344
0.04036797242399026,,,1e-05,0.0,,722,warmup,warmup,1488.397233019832
0.013073813477448626,,,1e-05,0.0,,723,warmup,warmup,1488.3974039444308
0.11670303788664249,,,1e-05,0.0,,724,warmup,warmup,1488.4110235434828
0.02244506997684592,,,1e-05,0.0,,725,warmup,warmup,1488.4115273246491
0.2169894830650274,,,1e-05,0.0,,726,warmup,warmup,1488.45861176041
0.08442178686320978,,,1e-05,0.0,,727,warmup,warmup,1488.4657387985071
0.21812534839352793,,,1e-05,0.0,,728,warmup,warmup,1488.513317466119
0.13961176823966603,,,1e-05,0.0,,729,warmup,warmup,1488.5328089119498
0.005647696322189422,,,1e-05,0.0,,730,warmup,warmup,1488.5328408084235
0.017838689707665778,,,1e-05,0.0,,731,warmup,warmup,1488.533159027274
0.3045724153145004,,,1e-05,0.0,,732,warmup,warmup,1488.6259233834446
0.03361011218933463,,,1e-05,0.0,,733,warmup,warmup,1488.627053023086
0.09722077404835261,,,1e-05,0.0,,734,warmup,warmup,1488.6365049019926
0.08814219434647352,,,1e-05,0.0,,735,warmup,warmup,1488.6442739484169
0.3265511835574877,,,1e-05,0.0,,736,warmup,warmup,1488.7509096238996
0.1770430538115093,,,1e-05,0.0,,737,warmup,warmup,1488.7822538668024
0.15657210113729914,,,1e-05,0.0,,738,warmup,warmup,1488.806768689657
0.2826181615563357,,,1e-05,0.0,,739,warmup,warmup,1488.8866417148986
0.046890920920209966,,,1e-05,0.0,,740,warmup,warmup,1488.8888404733634
0.06887575037151233,,,1e-05,0.0,,741,warmup,warmup,1488.8935843423526
0.046534688740816676,,,1e-05,0.0,,742,warmup,warmup,1488.895749819609
0.034848702420665845,,,1e-05,0.0,,743,warmup,warmup,1488.8969642516693
0.020455448079848226,,,1e-05,0.0,,744,warmup,warmup,1488.8973826770255
0.09199949791576323,,,1e-05,0.0,,745,warmup,warmup,1488.9058465846422
0.11032467989690886,,,1e-05,0.0,,746,warmup,warmup,1488.9180181196366
0.04032762808479973,,,1e-05,0.0,,747,warmup,warmup,1488.9196444372235
0.07757683010454475,,,1e-05,0.0,,748,warmup,warmup,1488.9256626017925
0.2658050515384375,,,1e-05,0.0,,749,warmup,warmup,1488.996314927216
0.010708165035323347,,,1e-05,0.0,,750,warmup,warmup,1488.9964295920145
0.21220087983152247,,,1e-05,0.0,,751,warmup,warmup,1489.0414588054157
0.030451215048587832,,,1e-05,0.0,,752,warmup,warmup,1489.0423860819137
0.1479948652252583,,,1e-05,0.0,,753,warmup,warmup,1489.0642885620468
0.15770288839521757,,,1e-05,0.0,,754,warmup,warmup,1489.0891587630551
0.24337659195932326,,,1e-05,0.0,,755,warmup,warmup,1489.148390928569
0.18740101157291544,,,1e-05,0.0,,756,warmup,warmup,1489.1835100677074
0.0029597785920651987,,,1e-05,0.0,,757,warmup,warmup,1489.1835188279967
0.062186204108592325,,,1e-05,0.0,,758,warmup,warmup,1489.1873859519783
0.03750222595092545,,,1e-05,0.0,,759,warmup,warmup,1489.1887923689296
0.25087891424015485,,,1e-05,0.0,,760,warmup,warmup,1489.25173259854
0.09550373722997363,,,1e-05,0.0,,761,warmup,warmup,1489.260853562365
0.2805522972937764,,,1e-05,0.0,,762,warmup,warmup,1489.3395631538817
0.01790848165366077,,,1e-05,0.0,,763,warmup,warmup,1489.3398838675969
0.20648267436338408,,,1e-05,0.0,,764,warmup,warmup,1489.3825189624092
0.09726300492889539,,,1e-05,0.0,,765,warmup,warmup,1489.391979054537
0.050591448615324275,,,1e-05,0.0,,766,warmup,warmup,1489.39453854921
0.15374947224761693,,,1e-05,0.0,,767,warmup,warmup,1489.4181774494264
0.03537452448719769,,,1e-05,0.0,,768,warmup,warmup,1489.419428806409
0.20016496951298635,,,1e-05,0.0,,769,warmup,warmup,1489.4594948214292
0.014863749523024605,,,1e-05,0.0,,770,warmup,warmup,1489.459715752479
0.07908940959377941,,,1e-05,0.0,,771,warmup,warmup,1489.4659708871889
0.010666116622558341,,,1e-05,0.0,,772,warmup,warmup,1489.4660846532327
0.15647925459658207,,,1e-05,0.0,,773,warmup,warmup,1489.4905704103517
0.14986041837420938,,,1e-05,0.0,,774,warmup,warmup,1489.5130285553469
0.2467411307443974,,,1e-05,0.0,,775,warmup,warmup,1489.5739097409478
0.3513939748656909,,,1e-05,0.0,,776,warmup,warmup,1489.6973874665198
0.06799739662465587,,,1e-05,0.0,,777,warmup,warmup,1489.7020111124675
0.030081319434922538,,,1e-05,0.0,,778,warmup,warmup,1489.7029159982465
0.15673628046485932,,,1e-05,0.0,,779,warmup,warmup,1489.7274822598604
0.0077686655074507005,,,1e-05,0.0,,780,warmup,warmup,1489.727542612024
0.09271725243836065,,,1e-05,0.0,,781,warmup,warmup,1489.7361391009238
0.13126955431860932,,,1e-05,0.0,,782,warmup,warmup,1489.7533707968148
0.1271738254781667,,,1e-05,0.0,,783,warmup,warmup,1489.7695439787014
0.21093628048250412,,,1e-05,0.0,,784,warmup,warmup,1489.8140380931252
0.4365388521430047,,,1e-05,0.0,,785,warmup,warmup,1490.0046042625556
0.18236927827861926,,,1e-05,0.0,,786,warmup,warmup,1490.0378628162155
0.09175518570838515,,,1e-05,0.0,,787,warmup,warmup,1490.04628183032
0.11247287263740002,,,1e-05,0.0,,788,warmup,warmup,1490.0589319773992
0.2659447755754627,,,1e-05,0.0,,789,warmup,warmup,1490.129658601055
0.030255968521764487,,,1e-05,0.0,,790,warmup,warmup,1490.1305740246862
0.0005558731457083188,,,1e-05,0.0,,791,warmup,warmup,1490.1305743336811
0.10405441545938676,,,1e-05,0.0,,792,warmup,warmup,1490.1414016550577
0.011404395475142604,,,1e-05,0.0,,793,warmup,warmup,1490.141531715294
0.13620563063780944,,,1e-05,0.0,,794,warmup,warmup,1490.1600836891114
0.14386821432248853,,,1e-05,0.0,,795,warmup,warmup,1490.1807817522038
0.39768595541915097,,,1e-05,0.0,,796,warmup,warmup,1490.3389358713414
0.21668041569251084,,,1e-05,0.0,,797,warmup,warmup,1490.3858862738862
0.06378052056370237,,,1e-05,0.0,,798,warmup,warmup,1490.3899542286895
0.10757992599222554,,,1e-05,0.0,,799,warmup,warmup,1490.401527669166
0.018383835989913777,,,1e-05,0.0,,800,warmup,warmup,1490.4018656345916
0.07932955512894058,,,1e-05,0.0,,801,warmup,warmup,1490.4081588129086
0.20090954137513428,,,1e-05,0.0,,802,warmup,warmup,1490.4485234567242
0.16078694311979902,,,1e-05,0.0,,803,warmup,warmup,1490.474375897802
0.13822737591827927,,,1e-05,0.0,,804,warmup,warmup,1490.4934827052552
0.22521516671302155,,,1e-05,0.0,,805,warmup,warmup,1490.5442045765728
0.15589930689442522,,,1e-05,0.0,,806,warmup,warmup,1490.568509170463
0.02931270169575645,,,1e-05,0.0,,807,warmup,warmup,1490.5693684049436
0.010235950584910114,,,1e-05,0.0,,808,warmup,warmup,1490.569473179628
0.018388266778332607,,,1e-05,0.0,,809,warmup,warmup,1490.5698113079832
0.11199134461349525,,,1e-05,0.0,,810,warmup,warmup,1490.5823533692515
0.1373598837156189,,,1e-05,0.0,,811,warmup,warmup,1490.6012211069058
0.05164720708388293,,,1e-05,0.0,,812,warmup,warmup,1490.6038885409052
0.2790663672069751,,,1e-05,0.0,,813,warmup,warmup,1490.6817665782114
0.018760973940525005,,,1e-05,0.0,,814,warmup,warmup,1490.6821185523545
0.053051805737731605,,,1e-05,0.0,,815,warmup,warmup,1490.6849330464465
0.09018212338206144,,,1e-05,0.0,,816,warmup,warmup,1490.6930658618242
0.11660421579860536,,,1e-05,0.0,,817,warmup,warmup,1490.7066624049662
0.013562189885474418,,,1e-05,0.0,,818,warmup,warmup,1490.7068463379608
0.034144775438876174,,,1e-05,0.0,,819,warmup,warmup,1490.7080122036505
0.14610157363511245,,,1e-05,0.0,,820,warmup,warmup,1490.729357873469
0.1395926043215745,,,1e-05,0.0,,821,warmup,warmup,1490.7488439686504
0.2578126835283463,,,1e-05,0.0,,822,warmup,warmup,1490.8153113484384
0.08124575053079364,,,1e-05,0.0,,823,warmup,warmup,1490.8219122204177
0.12240044867571642,,,1e-05,0.0,,824,warmup,warmup,1490.8368940902537
0.023149898047253537,,,1e-05,0.0,,825,warmup,warmup,1490.8374300080334
0.03290949904498536,,,1e-05,0.0,,826,warmup,warmup,1490.8385130431607
0.058877812135449625,,,1e-05,0.0,,827,warmup,warmup,1490.8419796399226
0.00048792091719729314,,,1e-05,0.0,,828,warmup,warmup,1490.8419798779894
0.19856313542119874,,,1e-05,0.0,,829,warmup,warmup,1490.8814071967377
0.13125201004924492,,,1e-05,0.0,,830,warmup,warmup,1490.8986342868795
0.12245251798226686,,,1e-05,0.0,,831,warmup,warmup,1490.9136289060398
0.11855437683709535,,,1e-05,0.0,,832,warmup,warmup,1490.927684046307
0.13629258021084867,,,1e-05,0.0,,833,warmup,warmup,1490.9462597137274
0.048229252290665436,,,1e-05,0.0,,834,warmup,warmup,1490.948585774504
0.048020529315504934,,,1e-05,0.0,,835,warmup,warmup,1490.9508917457397
0.2254583718463694,,,1e-05,0.0,,836,warmup,warmup,1491.0017232231753
0.199635617095824,,,1e-05,0.0,,837,warmup,warmup,1491.0415776027885
0.10369804130488625,,,1e-05,0.0,,838,warmup,warmup,1491.052330886559
0.38113783413530733,,,1e-05,0.0,,839,warmup,warmup,1491.1975969351683
0.12127363246550893,,,1e-05,0.0,,840,warmup,warmup,1491.2123042290998
0.2598265262851145,,,1e-05,0.0,,841,warmup,warmup,1491.2798140528612
0.3609596418943143,,,1e-05,0.0,,842,warmup,warmup,1491.4101059159377
0.258952294347468,,,1e-05,0.0,,843,warmup,warmup,1491.4771622066855
0.10851921754345017,,,1e-05,0.0,,844,warmup,warmup,1491.4889386272619
0.22296387730970224,,,1e-05,0.0,,845,warmup,warmup,1491.5386515178468
0.13967240036060136,,,1e-05,0.0,,846,warmup,warmup,1491.5581598972692
0.1633248130408318,,,1e-05,0.0,,847,warmup,warmup,1491.5848348918241
0.06371742275920589,,,1e-05,0.0,,848,warmup,warmup,1491.588894801787
0.14398867445565866,,,1e-05,0.0,,849,warmup,warmup,1491.6096275401585
0.2969555395806398,,,1e-05,0.0,,850,warmup,warmup,1491.697810132646
0.20421812502328685,,,1e-05,0.0,,851,warmup,warmup,1491.7395151752341
0.30501348760425573,,,1e-05,0.0,,852,warmup,warmup,1491.8325484028546
0.09770231666309748,,,1e-05,0.0,,853,warmup,warmup,1491.842094145536
0.012379827193926829,,,1e-05,0.0,,854,warmup,warmup,1491.8422474056574
0.015286781753166778,,,1e-05,0.0,,855,warmup,warmup,1491.8424810913539
0.0988864970134209,,,1e-05,0.0,,856,warmup,warmup,1491.8522596306454
0.07183458142178067,,,1e-05,0.0,,857,warmup,warmup,1491.8574198377335
0.10437367727999192,,,1e-05,0.0,,858,warmup,warmup,1491.8683137022424
0.4318937876354936,,,1e-05,0.0,,859,warmup,warmup,1492.0548459460406
0.0112982925279983,,,1e-05,0.0,,860,warmup,warmup,1492.0549735974546
0.033440195431216235,,,1e-05,0.0,,861,warmup,warmup,1492.0560918441251
0.09695061250672055,,,1e-05,0.0,,862,warmup,warmup,1492.0654912653906
0.0360837482449865,,,1e-05,0.0,,863,warmup,warmup,1492.066793302278
0.3900536635162659,,,1e-05,0.0,,864,warmup,warmup,1492.2189351627005
0.19946748163587458,,,1e-05,0.0,,865,warmup,warmup,1492.2587224389306
0.2161339045716506,,,1e-05,0.0,,866,warmup,warmup,1492.305436303636
0.24211552344663922,,,1e-05,0.0,,867,warmup,warmup,1492.3640562303299
0.11446726475282532,,,1e-05,0.0,,868,warmup,warmup,1492.3771589850298
0.17435814225399282,,,1e-05,0.0,,869,warmup,warmup,1492.4075597468002
0.4135122031249949,,,1e-05,0.0,,870,warmup,warmup,1492.5785520889335
0.02655311250263681,,,1e-05,0.0,,871,warmup,warmup,1492.5792571567172
0.10878036156363313,,,1e-05,0.0,,872,warmup,warmup,1492.591090323779
0.04483714245700976,,,1e-05,0.0,,873,warmup,warmup,1492.5931006931228
0.15228530553152364,,,1e-05,0.0,,874,warmup,warmup,1492.6162915074035
0.17815240898977924,,,1e-05,0.0,,875,warmup,warmup,1492.6480297882324
0.10368861691107067,,,1e-05,0.0,,876,warmup,warmup,1492.6587811175093
0.11001614604787857,,,1e-05,0.0,,877,warmup,warmup,1492.6708846699005
0.028939739202908044,,,1e-05,0.0,,878,warmup,warmup,1492.6717221784056
0.014819398633861391,,,1e-05,0.0,,879,warmup,warmup,1492.6719417929814
0.2898157892898523,,,1e-05,0.0,,880,warmup,warmup,1492.7559349847031
0.18356838846833545,,,1e-05,0.0,,881,warmup,warmup,1492.789632337948
0.012360682600198625,,,1e-05,0.0,,882,warmup,warmup,1492.7897851244222
0.2520531883248762,,,1e-05,0.0,,883,warmup,warmup,1492.8533159341669
0.10708848480923372,,,1e-05,0.0,,884,warmup,warmup,1492.8647838777456
0.006370669058719747,,,1e-05,0.0,,885,warmup,warmup,1492.86482446317
0.18215605388797584,,,1e-05,0.0,,886,warmup,warmup,1492.898005291138
0.14800725204614773,,,1e-05,0.0,,887,warmup,warmup,1492.9199114377961
0.14427551660308002,,,1e-05,0.0,,888,warmup,warmup,1492.9407268624873
0.3121662966473533,,,1e-05,0.0,,889,warmup,warmup,1493.0381746592498
0.1459905984346297,,,1e-05,0.0,,890,warmup,warmup,1493.059487914081
0.21031193258110648,,,1e-05,0.0,,891,warmup,warmup,1493.103719023067
0.16149021824349852,,,1e-05,0.0,,892,warmup,warmup,1493.1297981136554
0.1799006755013055,,,1e-05,0.0,,893,warmup,warmup,1493.1621623667013
0.05958287327079237,,,1e-05,0.0,,894,warmup,warmup,1493.1657124854885
0.5240548675915306,,,1e-05,0.0,,895,warmup,warmup,1493.4403459897349
0.1487188896127088,,,1e-05,0.0,,896,warmup,warmup,1493.4624632978625
0.09379865928734743,,,1e-05,0.0,,897,warmup,warmup,1493.4712614863467
0.024704564129448325,,,1e-05,0.0,,898,warmup,warmup,1493.4718718018355
0.34124610952718637,,,1e-05,0.0,,899,warmup,warmup,1493.5883207091028
0.3046991822660887,,,1e-05,0.0,,900,warmup,warmup,1493.6811623007766
0.12545412812591694,,,1e-05,0.0,,901,warmup,warmup,1493.6969010390403
0.05013892825939337,,,1e-05,0.0,,902,warmup,warmup,1493.6994149511672
0.1551252869916348,,,1e-05,0.0,,903,warmup,warmup,1493.7234788058315
0.11280807344944588,,,1e-05,0.0,,904,warmup,warmup,1493.7362044672668
0.17022016268767093,,,1e-05,0.0,,905,warmup,warmup,1493.7651793710522
0.1778599616860137,,,1e-05,0.0,,906,warmup,warmup,1493.7968135370231
0.0917975436366596,,,1e-05,0.0,,907,warmup,warmup,1493.8052403260408
0.12140725801387298,,,1e-05,0.0,,908,warmup,warmup,1493.8199800483392
0.22085920082031274,,,1e-05,0.0,,909,warmup,warmup,1493.8687588349262
0.37135016445226676,,,1e-05,0.0,,910,warmup,warmup,1494.0066597795649
0.038382796361613014,,,1e-05,0.0,,911,warmup,warmup,1494.0081330186215
0.17825222238032357,,,1e-05,0.0,,912,warmup,warmup,1494.039906873405
0.13261179155286484,,,1e-05,0.0,,913,warmup,warmup,1494.0574927606638
0.48785907347514446,,,1e-05,0.0,,914,warmup,warmup,1494.2954992362359
0.4726314754637283,,,1e-05,0.0,,915,warmup,warmup,1494.518879747835
0.12598300110608385,,,1e-05,0.0,,916,warmup,warmup,1494.5347514644027
0.10744990584109393,,,1e-05,0.0,,917,warmup,warmup,1494.546296946668
0.0009066810472195819,,,1e-05,0.0,,918,warmup,warmup,1494.5462977687384
0.07972189635861593,,,1e-05,0.0,,919,warmup,warmup,1494.5526533494974
0.04225608242184897,,,1e-05,0.0,,920,warmup,warmup,1494.554438925999
0.02650134418235206,,,1e-05,0.0,,921,warmup,warmup,1494.5551412472425
0.0735340901141095,,,1e-05,0.0,,922,warmup,warmup,1494.5605485096514
0.07052550221477549,,,1e-05,0.0,,923,warmup,warmup,1494.5655223561141
0.09356251742907595,,,1e-05,0.0,,924,warmup,warmup,1494.5742763007818
0.16648001334106666,,,1e-05,0.0,,925,warmup,warmup,1494.6019918956238
0.14543939925211724,,,1e-05,0.0,,926,warmup,warmup,1494.6231445144786
0.19279715732632874,,,1e-05,0.0,,927,warmup,warmup,1494.6603152583516
0.07536271011948248,,,1e-05,0.0,,928,warmup,warmup,1494.665994796428
0.09711484927565328,,,1e-05,0.0,,929,warmup,warmup,1494.6754260903779
0.18160497126062358,,,1e-05,0.0,,930,warmup,warmup,1494.7084064559645
0.13574474740215559,,,1e-05,0.0,,931,warmup,warmup,1494.7268330924117
0.23254909813650126,,,1e-05,0.0,,932,warmup,warmup,1494.7809121754558
0.1244646303715522,,,1e-05,0.0,,933,warmup,warmup,1494.7964036196693
0.08872826060017758,,,1e-05,0.0,,934,warmup,warmup,1494.8042763238984
0.0823283243148083,,,1e-05,0.0,,935,warmup,warmup,1494.811054276883
0.0692447194728727,,,1e-05,0.0,,936,warmup,warmup,1494.8158491080578
0.02502989135434497,,,1e-05,0.0,,937,warmup,warmup,1494.816475603519
0.22715402436001053,,,1e-05,0.0,,938,warmup,warmup,1494.868074554302
0.14753805667258962,,,1e-05,0.0,,939,warmup,warmup,1494.8898420324688
0.3756422427313151,,,1e-05,0.0,,940,warmup,warmup,1495.030949126993
0.17136591042037375,,,1e-05,0.0,,941,warmup,warmup,1495.0603154022472
0.00414572516277234,,,1e-05,0.0,,942,warmup,warmup,1495.0603325892844
0.26422278561530765,,,1e-05,0.0,,943,warmup,warmup,1495.1301462697227
0.058898115389054206,,,1e-05,0.0,,944,warmup,warmup,1495.1336152577192
0.2757370350592253,,,1e-05,0.0,,945,warmup,warmup,1495.2096461702224
0.2324860744298285,,,1e-05,0.0,,946,warmup,warmup,1495.2636959450263
0.10143948319068974,,,1e-05,0.0,,947,warmup,warmup,1495.2739859137762
0.0027375420566135844,,,1e-05,0.0,,948,warmup,warmup,1495.2739934079127
0.3926541491420692,,,1e-05,0.0,,949,warmup,warmup,1495.4281706887512
0.11931172799279377,,,1e-05,0.0,,950,warmup,warmup,1495.4424059771877
0.028993824437021587,,,1e-05,0.0,,951,warmup,warmup,1495.4432466190433
0.3648373505304803,,,1e-05,0.0,,952,warmup,warmup,1495.5763529113854
0.24012372913610114,,,1e-05,0.0,,953,warmup,warmup,1495.6340123166797
0.18122117272106886,,,1e-05,0.0,,954,warmup,warmup,1495.666853430122
0.17840002450846537,,,1e-05,0.0,,955,warmup,warmup,1495.6986799988667
0.136885676867593,,,1e-05,0.0,,956,warmup,warmup,1495.7174176873982
0.2316547090855927,,,1e-05,0.0,,957,warmup,warmup,1495.7710815916398
0.26577314265099083,,,1e-05,0.0,,958,warmup,warmup,1495.8417169549944
0.281174959301391,,,1e-05,0.0,,959,warmup,warmup,1495.9207763127324
0.25296710366429376,,,1e-05,0.0,,960,warmup,warmup,1495.9847686682688
0.24859261581557224,,,1e-05,0.0,,961,warmup,warmup,1496.0465669569069
0.13929345103230073,,,1e-05,0.0,,962,warmup,warmup,1496.0659696224075
0.1620638998435946,,,1e-05,0.0,,963,warmup,warmup,1496.09223433004
0.19948958569052877,,,1e-05,0.0,,964,warmup,warmup,1496.1320304248388
0.6034992169287727,,,1e-05,0.0,,965,warmup,warmup,1496.4962417296724
0.0014819848236564681,,,1e-05,0.0,,966,warmup,warmup,1496.4962439259514
0.11777385601234802,,,1e-05,0.0,,967,warmup,warmup,1496.5101146071113
0.036002184569584816,,,1e-05,0.0,,968,warmup,warmup,1496.5114107644051
0.028910026864262584,,,1e-05,0.0,,969,warmup,warmup,1496.5122465540585
0.08900461862467246,,,1e-05,0.0,,970,warmup,warmup,1496.520168376195
0.0871819816440964,,,1e-05,0.0,,971,warmup,warmup,1496.5277690741184
0.09085532443596644,,,1e-05,0.0,,972,warmup,warmup,1496.5360237640969
0.3772521358421219,,,1e-05,0.0,,973,warmup,warmup,1496.6783429380944
0.21471905884435816,,,1e-05,0.0,,974,warmup,warmup,1496.7244472123255
0.004777605066082602,,,1e-05,0.0,,975,warmup,warmup,1496.7244700378355
0.024122280601022394,,,1e-05,0.0,,976,warmup,warmup,1496.7250519222569
0.26837062808411205,,,1e-05,0.0,,977,warmup,warmup,1496.7970747162751
0.2047073515094211,,,1e-05,0.0,,978,warmup,warmup,1496.8389798160372
0.12888484606900663,,,1e-05,0.0,,979,warmup,warmup,1496.8555911195833
0.04881129247498395,,,1e-05,0.0,,980,warmup,warmup,1496.8579736618565
0.2879828627324099,,,1e-05,0.0,,981,warmup,warmup,1496.940907791084
0.2683873265664838,,,1e-05,0.0,,982,warmup,warmup,1497.0129395481456
0.2163260438411192,,,1e-05,0.0,,983,warmup,warmup,1497.0597365053895
0.21694838789604365,,,1e-05,0.0,,984,warmup,warmup,1497.1068031084003
0.06324127258117151,,,1e-05,0.0,,985,warmup,warmup,1497.110802566958
0.20321895948450708,,,1e-05,0.0,,986,warmup,warmup,1497.1521005124519
0.07826352727957242,,,1e-05,0.0,,987,warmup,warmup,1497.158225692154
0.24781137839274225,,,1e-05,0.0,,988,warmup,warmup,1497.219636171415
0.014598472989471922,,,1e-05,0.0,,989,warmup,warmup,1497.2198492868285
0.06098708112598028,,,1e-05,0.0,,990,warmup,warmup,1497.2235687108928
0.16406228975497772,,,1e-05,0.0,,991,warmup,warmup,1497.2504851458125
0.2051569614410491,,,1e-05,0.0,,992,warmup,warmup,1497.2925745246403
0.13721666323566417,,,1e-05,0.0,,993,warmup,warmup,1497.3114029373098
0.20527913742096437,,,1e-05,0.0,,994,warmup,warmup,1497.3535424615702
0.19580759243169132,,,1e-05,0.0,,995,warmup,warmup,1497.3918830748241
0.41284820321830473,,,1e-05,0.0,,996,warmup,warmup,1497.5623267137248
0.20116421511705163,,,1e-05,0.0,,997,warmup,warmup,1497.6027937551685
0.05658644661778656,,,1e-05,0.0,,998,warmup,warmup,1497.6059957811094
0.37740204533952065,,,1e-05,0.0,,999,warmup,warmup,1497.7484280849358
